,Compound Score,Negative Score,Neutral Score,News Organization,Positive Score,Tweet,Tweet Number
0,0.0,0.0,1.0,@BBC,0.0,üèÉüèª‚Äç‚ôÇÔ∏è Take a #parkour tour of Glasgow with Scotland's @RobbieJGriffith. https://t.co/SlvAKocTJ2,0
1,-0.5526,0.251,0.656,@BBC,0.093,"RT @BBCSport: Stop EVERYTHING you are doing! ‚úã‚úã‚úã

Cancel your wedding! üë∞
Don't go shopping! üõç
The holiday can wait! ‚úàÔ∏è
Forget that first da‚Ä¶",1
2,-0.4019,0.15,0.773,@BBC,0.077,"RT @bbceastenders: ‚ÄúI realised what an important story it was to tell.‚Äù
@Bonnie_Langford and @DavoodGhadami discuss the knife crime storyli‚Ä¶",2
3,-0.4767,0.221,0.674,@BBC,0.105,"RT @bbcthree: ""He was stabbed eleven times in eight seconds""
The heartbreaking true stories behind the #EastEnders storyline.

If you have‚Ä¶",3
4,-0.6486,0.301,0.699,@BBC,0.0,RT @BBCNews: Steve Ditko: Spider-Man co-creator found dead at 90 https://t.co/Epd0LTJUKP,4
5,-0.34,0.16,0.738,@BBC,0.102,"Seven years after her death, these previously unseen photographs show Amy Winehouse at ease in front of her friend'‚Ä¶ https://t.co/bYoqpBhIeV",5
6,-0.3818,0.178,0.822,@BBC,0.0,"Yassine scavenged on the dump for eight years. Now he runs it. 

https://t.co/gUOhlrkv6P",6
7,-0.357,0.115,0.885,@BBC,0.0,"üò∫üêæ They sweat through their paws and can't taste sweet things... 

16 things you never knew about cats üëâ‚Ä¶ https://t.co/IOfDUpm49v",7
8,0.0,0.0,1.0,@BBC,0.0,"üé∂ It's coming home üé∂

@Baddiel and @FrankOnTheRadio's song is sweeping the nation (again!)

Here's the story of how‚Ä¶ https://t.co/FTaRd9YNiZ",8
9,-0.4019,0.403,0.597,@BBC,0.0,üòÇ How annoying is this? https://t.co/Z2vtjhPZXH,9
10,0.0,0.0,1.0,@BBC,0.0,"üò≤üêª A new study reveals the hidden history of brown bears in Britain, suggesting they still roamed wild 1,500 years‚Ä¶ https://t.co/MdvCpNLZHr",10
11,0.0,0.0,1.0,@BBC,0.0,"RT @BBCOne: Sherlock is ALL the goals on #InternationalKissingDay üòç
#Sherlock #BBCSherlock https://t.co/yTcpX43pg7",11
12,0.0,0.0,1.0,@BBC,0.0,Actual footage of me leaving the office at exactly 5pm... üëã #FridayFeeling https://t.co/no9vchzANY,12
13,0.4199,0.0,0.9,@BBC,0.1,"RT @BBCCiN: Thank you to everyone who got involved, fundraised and donated to BBC Children in Need last year! You have helped us to raise ¬£‚Ä¶",13
14,0.2023,0.096,0.769,@BBC,0.135,A man had to be rescued by firefighters after he became stuck in melted tarmac in Newcastle. üò∞üå°üöí‚Ä¶ https://t.co/Vv4Gk8hhuH,14
15,0.0,0.0,1.0,@BBC,0.0,RT @bbcpress: ‚ÄòPainfully funny‚Äô bestseller #ThisIsGoingToHurt by @amateuradam to be adapted as eight-part @BBCTwo comedy-drama: https://t.c‚Ä¶,15
16,-0.296,0.104,0.896,@BBC,0.0,"üíµüëü A disintegrating trainer worn by Michael J Fox in the Back to the Future sequel has sold for $92,100 (¬£70,143).‚Ä¶ https://t.co/NOGE8qFug2",16
17,0.0,0.0,1.0,@BBC,0.0,üêùüï∫üêù We all know someone who does the wasp dance. https://t.co/IJm0eTScUS,17
18,0.0,0.0,1.0,@BBC,0.0,Beer glasses have been seized from a restaurant chain in Birmingham after they were found to be too small to contai‚Ä¶ https://t.co/qzSLHjzuLO,18
19,-0.1531,0.129,0.762,@BBC,0.109,"RT @BBCBreaking: Thai cave rescue death:

- Diver named as Saman Kunan
- 'His job was to deliver oxygen, did not have enough on his way bac‚Ä¶",19
20,0.6114,0.0,0.834,@BBC,0.166,"RT @BBCRadio2: ""I think you and @Pink are the top end of the rock and roll ladies, and keep at it!"" - @flo_tweet was truly touched by this‚Ä¶",20
21,0.0,0.0,1.0,@BBC,0.0,"RT @BBCSport: ""I'm not David Beckham, so we're in trouble."" 

Gareth Southgate's reaction to his new-found status as a style icon. https://‚Ä¶",21
22,0.0,0.0,1.0,@BBC,0.0,"RT @CBeebiesHQ: Long before @WaffleWonderDog, we had Pippin üê∂üê∂

Hands up if you remember Come Outside üôã‚Äç‚ôÇÔ∏èüôã

#CBeebiesNostalgia 
#Throwback‚Ä¶",22
23,0.7269,0.0,0.724,@BBC,0.276,"RT @BBCRadio3: A rare chance to hear this monumental, modern masterpiece.
Gruppen - Stockhausen's avant-garde work for three orchestras fro‚Ä¶",23
24,-0.2481,0.114,0.806,@BBC,0.081,"RT @5liveSport: ""You should get a red card if you fake it!"" üî¥

John McEnroe doesn't hold on when giving his thoughts on VAR and 'the guy fr‚Ä¶",24
25,0.0516,0.28,0.43,@BBC,0.29,üíïüéà Georgina is 96-years-old and organises parties to help combat loneliness. https://t.co/JRAkMDNny8,25
26,0.0,0.0,1.0,@BBC,0.0,"Why does alcohol affect women more than men?
üëâ https://t.co/UNwg06vOl3 https://t.co/HBR4lEMGXV",26
27,0.0,0.0,1.0,@BBC,0.0,"üòÇüê∂üé® But your dog probably wouldn't sit still long enough for this, right? https://t.co/U2Mdq3bOda",27
28,0.5267,0.0,0.833,@BBC,0.167,"Social media companies are deliberately addicting users to their products for financial gain, say Silicon Valley in‚Ä¶ https://t.co/5Vn7t2h1SF",28
29,-0.296,0.216,0.784,@BBC,0.0,The town where even the graves are bulletproof. https://t.co/MDyzEuNg3y,29
30,0.0,0.0,1.0,@BBC,0.0,üéìüìö A Belgian boy has graduated secondary school aged eight after completing six years' study in just a year and a h‚Ä¶ https://t.co/eStTYhpek8,30
31,-0.6705,0.273,0.727,@BBC,0.0,"In South Africa, three women are killed by their partners every day. https://t.co/Vg7jDZJgU6",31
32,0.5719,0.0,0.866,@BBC,0.134,"RT @BBCNewsPR: Watch the evolution of our evening news jingles as we celebrate the 64th anniversary of BBC TV News. Show your age, which on‚Ä¶",32
33,0.0,0.0,1.0,@BBC,0.0,RT @bbceastenders: It's coming home. #ENG https://t.co/Dp1R1SVjB4,33
34,-0.7003,0.234,0.766,@BBC,0.0,"At least two suspected rhino poachers have been mauled to death and eaten by lions on a South African game reserve,‚Ä¶ https://t.co/m8V0TpFjsd",34
35,-0.25,0.205,0.669,@BBC,0.126,üå°üî•‚òÄÔ∏èFrom strength to bad breath: these are the weird things that happen to your body in extreme heat. üëâ‚Ä¶ https://t.co/sSsoIgrD5S,35
36,0.8428,0.0,0.57,@BBC,0.43,üòçüíó Wouldn't the world be a better place if more people were kind like this? https://t.co/2v0UXIcXN8,36
37,0.0,0.0,1.0,@BBC,0.0,"üõçüõí Is it possible to shop without buying plastic?
#PlasticsAction https://t.co/nV0kMA6UzE",37
38,0.0,0.153,0.66,@BBC,0.188,RT @bbcstories: Indian-born Dennis Moss was inspired by tragedy to join the Welsh Ambulance Service in 1976 - and he's still working there‚Ä¶,38
39,0.7289,0.0,0.71,@BBC,0.29,"RT @bbcthesocial: Go to a festival without destroying the planet üåç

(you might need to ditch the glitter) https://t.co/RnlRy4lwjC",39
40,-0.872,0.371,0.571,@BBC,0.057,RT @bbcthree: Jack tragically died whilst playing the choking game. Now his mum wants to warn other YouTubers before it's too late. https:/‚Ä¶,40
41,-0.6908,0.192,0.808,@BBC,0.0,"RT @BBCNews: ""We knew we didn't have to be frightened of being ill""

Beryl had life-saving treatment on the NHS just weeks after it began #‚Ä¶",41
42,0.6486,0.0,0.806,@BBC,0.194,RT @BBCWales: Staff from across the #NHS in Wales come together to create a one-off #NHSLipSync of Jess Glynne's song Hold My Hand for #NHS‚Ä¶,42
43,0.0,0.0,1.0,@BBC,0.0,From a true-crime tale of 1930s Shanghai to a contemporary Native American poetry collection: these are the ten boo‚Ä¶ https://t.co/y5fZIoxLqa,43
44,0.0,0.0,1.0,@BBC,0.0,"RT @BBC6Music: ""We need to radically look at mental health as the key thing""
- best-selling author and mental health activist @matthaig1 sp‚Ä¶",44
45,0.0,0.0,1.0,@BBC,0.0,üêöü¶ï She sold sea shells by the sea shore... and helped discover dinosaurs in the process! https://t.co/Pdh5RwpAwr,45
46,-0.296,0.155,0.845,@BBC,0.0,üôäüì±üí¨Will we ever stop speaking and just text instead? @BBC_Culture investigates...  https://t.co/Mp1yApI6C5 https://t.co/e21jsc4lrb,46
47,-0.8807,0.327,0.673,@BBC,0.0,"Chloe died of bone cancer at 18 after she was refused a drug trial for being too young. Now, her mum Debbie is tryi‚Ä¶ https://t.co/Fz1R6aiqJC",47
48,0.9153,0.0,0.485,@BBC,0.515,"Award-winning comedian Rich Hall explores the American dream. üá∫üá∏

Rich Hall's Working for the American Dream | 9pm‚Ä¶ https://t.co/cwNFVC4hGk",48
49,-0.5103,0.321,0.535,@BBC,0.144,The Dutch have a prison problem - too many cells and not enough prisoners. https://t.co/uIZ69q8dlF,49
50,0.3612,0.0,0.815,@BBC,0.185,üòÇ 'Some people say policing in the country is a bit like #HotFuzz'. https://t.co/eOdStnQLN3,50
51,-0.296,0.167,0.833,@BBC,0.0,"üíÉ Meet the incredible 23-year-old @SherrieSilver, who choreographed Childish Gambino's #ThisIsAmerica video. https://t.co/jUFLCUBXdl",51
52,0.0,0.0,1.0,@BBC,0.0,"RT @BBCWthrWatchers: If you find a pot of gold at the end of a regular rainbow, what do you get at the end of a rare #fogbow? ü§î 

Tomasz @S‚Ä¶",52
53,0.0,0.0,1.0,@BBC,0.0,When this couple went into hospital for the birth of their baby it wasn't just mum who had an eventful night... dad‚Ä¶ https://t.co/5FFq82YPZm,53
54,-0.8934,0.474,0.526,@BBC,0.0,RT @BBCFOUR: Every Olympic athlete has battles to fight. Gymnast Margarita Mamun had to fight a war. https://t.co/cpsI8CyybU,54
55,0.6369,0.0,0.781,@BBC,0.219,"""Y'alright love?""

üòÇ This crow has a Yorkshire accent and it's the best thing you'll hear today. https://t.co/3J8BQGiZM7",55
56,0.6114,0.0,0.6,@BBC,0.4,"üîäüêüüê°üê¨üê† 
 The sea is a wonderful place!  https://t.co/AFvOD3y9Os",56
57,0.0,0.0,1.0,@BBC,0.0,"For the first time, astronomers have captured an image of a planet that's still forming. üî≠üåüüì∏
https://t.co/WoDnm1SdVj https://t.co/Kq6llPJGLZ",57
58,-0.802,0.275,0.725,@BBC,0.0,A US hunter has come under criticism after pictures taken in South Africa of her posing with a dead giraffe went vi‚Ä¶ https://t.co/dYhxZkOuUH,58
59,0.7351,0.0,0.563,@BBC,0.437,üé∏ This amazing human learnt to play guitar with a hook. https://t.co/GaTQ0FDpF4,59
60,-0.6597,0.196,0.804,@BBC,0.0,Lung cancer is commonly associated with smoking. But rates of the disease among non-smokers ‚Äì and women ‚Äì are risin‚Ä¶ https://t.co/vYe3Cct7bp,60
61,0.34,0.0,0.789,@BBC,0.211,üéπüé∂ Colette has played the piano for over a century. https://t.co/MeTB1jsYm8,61
62,0.6597,0.102,0.646,@BBC,0.252,"RT @BBCMOTD: #ENG have won a #WorldCup penalty shootout for the first time in the nation's history.

We repeat: England have won a #WorldCu‚Ä¶",62
63,-0.3182,0.095,0.905,@BBC,0.0,"RT @BBCMOTD: argentIna knocked ouT
Spain lost to the hosts
france COnceded three 
gerMany have been elimINated
portuGal on tHe plane back t‚Ä¶",63
64,0.2023,0.0,0.917,@BBC,0.083,"Tonight, Joe Swift and @jowhiley take a look at what's in store at the RHS Hampton Court Palace Flower Show. üå∏üíêüå∑üè∞‚Ä¶ https://t.co/zaFy1lN26l",64
65,-0.5106,0.248,0.752,@BBC,0.0,"Don't let anyone tell you your pain is normal. 
#Endometriosis https://t.co/Iq5UWFYcto",65
66,0.4019,0.067,0.753,@BBC,0.18,"'Turning 30 is like playing musical chairs. The music stops, and everyone just marries whoever they happen to be si‚Ä¶ https://t.co/fsuTCD3AS6",66
67,0.0,0.0,1.0,@BBC,0.0,"üó£‚öΩÔ∏è Why is football so full of cliches? 
#WorldCup https://t.co/mMe3p1ibrB",67
68,0.128,0.0,0.923,@BBC,0.077,"üçìüéæ A young David Attenborough discusses the beginning of regular colour TV in Britain, launched at #Wimbledon in 19‚Ä¶ https://t.co/wUeuqWXGVT",68
69,0.6808,0.124,0.547,@BBC,0.328,"RT @BBCWorld: ""Today is the best day""

Families celebrate as rescuers reach boys trapped in Thailand cave https://t.co/61s78f6ZXk https://t‚Ä¶",69
70,0.0,0.0,1.0,@BBC,0.0,"RT @BBCWales: The story of Aneurin Bevan in 70 seconds. 
#NHS70 https://t.co/TKtkWEjohJ",70
71,-0.6705,0.2,0.8,@BBC,0.0,"üò®üêôüîÆ A 'psychic' octopus, who correctly predicted all of Japan's World Cup results, has been killed and turned into‚Ä¶ https://t.co/zeebvUYUfl",71
72,0.5411,0.0,0.759,@BBC,0.241,RT @BBCTwo: Look at these INCREDIBLE desserts inspired by #Wimbledon! üòã üéæ #GreatBritishMenu https://t.co/8rPzAAnSgT,72
73,0.2732,0.0,0.861,@BBC,0.139,"üòçü¶î Meet Arbuckle... he's adorable, but he could be the world's fattest hedgehog. https://t.co/Svgc7oLBcx",73
74,0.0,0.0,1.0,@BBC,0.0,We're using around 9 billion fewer plastic bags now they cost 5p each... but there's still more to be done.‚Ä¶ https://t.co/dYXaZ2YFI8,74
75,0.128,0.0,0.897,@BBC,0.103,"üëî A Japanese company has launched a line of business suits specifically for blue-collar workers.
üëâ‚Ä¶ https://t.co/mKOTswtAi1",75
76,-0.9028,0.396,0.604,@BBC,0.0,"RT @1Xtra: What's worse; scoring an own goal or having a DEAD trim?

@NickBrightDJ @CheekySport &amp; @MrBigzOfficial weren't happy with Sergio‚Ä¶",76
77,0.0,0.0,1.0,@BBC,0.0,‚ù§Ô∏è This man is cleaning all 388 Holocaust plaques in his city. https://t.co/AfdxFBxxJ4,77
78,0.8541,0.0,0.67,@BBC,0.33,"üé®üê† Are we really the only creatures on Earth capable of delighting in beauty? Or can animals be artists too?
üëâ‚Ä¶ https://t.co/9tZ0X8jyqb",78
79,0.0,0.0,1.0,@BBC,0.0,Why scientists are counting seal pups in the Thames Estuary. https://t.co/GfMjrwpzPH,79
80,0.0,0.0,1.0,@BBC,0.0,A golden retriever named Todd has been labelled a 'hero' after he was bitten by rattlesnake while protecting his ow‚Ä¶ https://t.co/jwSa2knHKj,80
81,-0.128,0.086,0.914,@BBC,0.0,"This woman is cutting out the middle man and working directly with Indian farmers.

(via @BBCThree) https://t.co/faRaW27jTp",81
82,0.1027,0.089,0.806,@BBC,0.105,"12 boys and their football coach have been found alive after nine days missing in caves in Thailand, the regional g‚Ä¶ https://t.co/435VAvqUN9",82
83,0.6705,0.0,0.776,@BBC,0.224,üòÇ‚úã This game of tag started five years ago - and it's fair to say it's got a bit out of hand. https://t.co/ytG4D9pWXi,83
84,-0.1779,0.09,0.854,@BBC,0.055,"RT @BBCTwo: In the strange, brooding landscape of the Australian bush, something unthinkable is about to happen‚Ä¶ #PicnicAtHangingRock https‚Ä¶",84
85,0.2263,0.133,0.664,@BBC,0.203,"RT @bbcthree: ""She was nasty. She took control of me.""

Jodie survived anorexia. Now, she's helping others do the same. https://t.co/pfWwo8‚Ä¶",85
86,0.0772,0.0,0.925,@BBC,0.075,RT @BBCNewsround: Want the NHS summed up in 70 seconds? Of course you do. #NHS70 https://t.co/zTkgHb491U https://t.co/nZQM53GPZv,86
87,0.1027,0.092,0.798,@BBC,0.109,RT @BBCBreaking: All 12 boys and their football coach found alive after nine days missing in Thailand caves - regional governor https://t.c‚Ä¶,87
88,0.0,0.0,1.0,@BBC,0.0,üòç This tiny little sun bear is the first ever to be born in the UK! https://t.co/OaFQ45IbDY,88
89,-0.5719,0.425,0.575,@BBC,0.0,What's the point of humiliation? https://t.co/8VGBENJzZ0,89
90,0.0,0.0,1.0,@BBC,0.0,"üöÄü§ñ 'Cimon', an experimental floating robot with an animated cartoon face has been sent to the International Space S‚Ä¶ https://t.co/4N4oByDru8",90
91,0.4939,0.0,0.856,@BBC,0.144,Sue Barker introduces live coverage from the opening day of the 2018 Wimbledon Championships from the All England C‚Ä¶ https://t.co/oQrpyhhL0d,91
92,0.0,0.0,1.0,@BBC,0.0,10-year-old Kareem's artworks are absolutely incredible. https://t.co/Ip4X0w1dpc,92
93,0.0,0.0,1.0,@BBC,0.0,An experiment using a vending machine specifically designed for crows has revealed something about how intelligence‚Ä¶ https://t.co/ND20eqlIZ3,93
94,0.0,0.0,1.0,@BBC,0.0,üèÉüèª‚Äç‚ôÇÔ∏è This Scottish teenager has mind-blowing #parkour skills. https://t.co/SlvAKocTJ2,94
95,0.8299,0.0,0.71,@BBC,0.29,"RT @BBC6Music: üëè What was the best gig you saw in June?

üéü What exciting things have you got coming up in July?",95
96,0.6588,0.0,0.845,@BBC,0.155,"RT @bbc5live: ‚ÄúWe said jokingly, ‚Äòis it a shark?!‚Äô‚Äù üò≤ü¶à

A great white shark has been spotted in Spanish waters for the first time in over 4‚Ä¶",96
97,0.4019,0.0,0.87,@BBC,0.13,"Get unprecedented access to the hidden world of elite gymnasts in Russia. ü§∏‚Äç‚ôÄÔ∏è

Storyville: Olympic Dreams of Russi‚Ä¶ https://t.co/2ZhaGsysoa",97
98,-0.2957,0.176,0.657,@BBC,0.168,"‚úàÔ∏èüåç @RomeshRanga travels way beyond his comfort zone to some of the most beautiful, but dangerous, places on earth.‚Ä¶ https://t.co/ud4Vni3WW2",98
99,-0.0516,0.273,0.515,@BBC,0.211,"Why were these photos of the Great Depression censored using a hole punch?
https://t.co/LijCpCURdC",99
100,0.4019,0.0,0.847,@CBS,0.153,"RT @SalvationCBS: Mark your calendars, #Salvies: Monday's new #SalvationCBS will air at a special time, 10/9c. https://t.co/RUh1J7cfj8",0
101,0.7777,0.0,0.657,@CBS,0.343,Happy #InternationalKissingDay! See which stars we caught locking lips on the CBS Kiss Cam. üòò https://t.co/oMPCHZlgCl,1
102,0.3612,0.0,0.898,@CBS,0.102,Have you heard? Tonight's the first Live Show of #BB20. Grab a seat and get ready to watch the action unfold on CBS‚Ä¶ https://t.co/0YgRV1HLGd,2
103,0.3182,0.0,0.892,@CBS,0.108,"How much does it cost to bury the truth? #OneDollar premieres Thursday, August 30, exclusively on CBS All Access.‚Ä¶ https://t.co/1tab8eCaFz",3
104,0.0,0.0,1.0,@CBS,0.0,Take a first look at our @Comic_Con lineup along with details of what you can expect to see:‚Ä¶ https://t.co/JqBtlKcwq3,4
105,0.0,0.0,1.0,@CBS,0.0,RT @TrueCrimeCBS: Two new true-crime series are set to premiere this July on CBS! Learn more about #Whistleblower and #PinkCollarCrimes bef‚Ä¶,5
106,0.5411,0.0,0.741,@CBS,0.259,"If at first you don‚Äôt succeed on @PriceIsRight‚Ä¶bid, bid again! https://t.co/OWBaOsFZ3i",6
107,0.0,0.0,1.0,@CBS,0.0,What‚Äôs summer without @CBSBigBrother? ‚òÄÔ∏è RT if you‚Äôre counting down the hours to the #BB20 premiere TONIGHT at 8/7c‚Ä¶ https://t.co/Xp1s4Fp5J8,7
108,0.7574,0.0,0.711,@CBS,0.289,"It looks like you...

(‚Ä¢_‚Ä¢)
( ‚Ä¢_‚Ä¢)&gt;‚åê‚ñ†-‚ñ†
(‚åê‚ñ†_‚ñ†)

Have a lot of TV to watch!

Celebrate #NationalSunglassesDay with H‚Ä¶ https://t.co/Babt4ajIgV",8
109,0.5574,0.0,0.796,@CBS,0.204,The world will finally know the truth. ‚òÑÔ∏è Make sure to tune in to the heart-pounding Season 2 premiere of‚Ä¶ https://t.co/mqMleW90DY,9
110,0.1867,0.0,0.902,@CBS,0.098,Tonight's the night! Don't miss model @ashleygraham on the season finale of Celebrity @undercover_cbs at 8/7c. https://t.co/iBxAOcOF7a,10
111,0.4199,0.0,0.811,@CBS,0.189,"Every day is #TakeYourDogToWorkDay for shows like @HawaiiFive0CBS, @MomCBS, @SEALTeamCBS, and @bigbangtheory! https://t.co/DJaOt1VQcw",11
112,0.4926,0.0,0.758,@CBS,0.242,"Lights, camera, selfie! üì∏¬†Could there be a better photo for #NationalSelfieDay? https://t.co/14Ewx64yKC",12
113,0.3555,0.136,0.642,@CBS,0.222,There‚Äôs nothing quite like watching a contestant win a brand new car on @PriceIsRight. üëè  https://t.co/aKlFikYAMM,13
114,0.0,0.0,1.0,@CBS,0.0,Time to make your predictions for #BB20! üëè Get to know the @CBSBigBrother Houseguests before the big premiere next‚Ä¶ https://t.co/jlpIchJ9sk,14
115,0.0,0.0,1.0,@CBS,0.0,RT @CBSBigBrother: Meet the cast of #BB20... before anyone else! Start streaming all their live interviews beginning at 11am EST/8am PST on‚Ä¶,15
116,0.9392,0.0,0.507,@CBS,0.493,"Today and every day we celebrate their love, guidance, and support. Happy #FathersDay to every kind of dad! https://t.co/Wffax1khBH",16
117,0.3595,0.0,0.872,@CBS,0.128,"Casting Alert! @paulwesley, @DaniaJRamirez &amp; @JamesWolk are set to star in the upcoming CBS All Access psychologica‚Ä¶ https://t.co/JnZMrzT92n",17
118,-0.296,0.167,0.833,@CBS,0.0,"In case you missed it, watch the entire #TonyAwards now: https://t.co/Bm0yNV3Ff3 https://t.co/h3YnFkmSQJ",18
119,0.1779,0.12,0.734,@CBS,0.147,RT @StrangeAngel: Mastermind or maniac? Explore the brilliant mind of Jack Parsons in #StrangeAngel. Now streaming on CBS All Access: https‚Ä¶,19
120,-0.5562,0.315,0.551,@CBS,0.134,"No pain, no gain, ALL Hart! Just one month until the premiere of @TKOCBS hosted by @KevinHart4real. https://t.co/C1yMCglxVn",20
121,0.5093,0.0,0.829,@CBS,0.171,"RT @TheNeighborhood: Welcome to #TheNeighborhood, @BethBehrs! The @2BrokeGirls star returns to @CBS in a new sitcom alongside @CedEntertain‚Ä¶",21
122,-0.296,0.167,0.833,@CBS,0.0,"In case you missed it, watch the entire #TonyAwards now: https://t.co/Bm0yNV3Ff3 https://t.co/3GA5otlcPa",22
123,0.0,0.0,1.0,@CBS,0.0,How do you know @SaraBareilles and @joshgroban's music? #TonyAwards https://t.co/POMXBORfUT,23
124,0.0,0.0,1.0,@CBS,0.0,Here are all the performances from the 2018 #TonyAwards: https://t.co/gN4ItpFlRd https://t.co/fSMNBXKC9r,24
125,0.4767,0.0,0.78,@CBS,0.22,See the complete list of winners from the 2018 #TonyAwards: https://t.co/9XK6CGeber https://t.co/HkUIN4Quej,25
126,0.8478,0.0,0.594,@CBS,0.406,An end to a magical evening. The Band's Visit wins for Best Musical! #TonyAwards https://t.co/ODza97n8YH,26
127,0.92,0.0,0.537,@CBS,0.463,Congratulations are in order for @TheKatrinaLenk! She just won for Best Leading Actress in a Musical. #TonyAwards https://t.co/t9bNvpiEmH,27
128,0.0,0.0,1.0,@CBS,0.0,"RT @CBSThisMorning: Hmm... something seems off here @SaraBareilles @JoshGroban. üòÇ

@WaitressMusical @GreatCometBway #TonyAwards https://t.c‚Ä¶",28
129,0.4404,0.0,0.847,@CBS,0.153,RT @_stobin13: watching the #TonyAwards after going to 3 broadway shows this weekend makes it even better üòçü§©,29
130,0.836,0.0,0.533,@CBS,0.467,Tony Shalhoub wins Best Leading Actor in a Musical. #TonyAwards   #TheBandsVisit https://t.co/KcUDSicKI5,30
131,0.0,0.0,1.0,@CBS,0.0,The Boss looks right at home on the #TonyAwards stage! https://t.co/pwjv4iydkn,31
132,0.6369,0.0,0.682,@CBS,0.318,RT @Aatamianphoto: Springsteen is on the #TonyAwards and I love it.,32
133,0.7978,0.0,0.457,@CBS,0.543,Inspiration: Get to your YES! #OnceOnThisIsland #TonyAwards https://t.co/Wjp0QIWfXq,33
134,0.9523,0.0,0.45,@CBS,0.55,The feeling when you win a Tony. üôå¬†Congratulations to Once on This Island for winning Best Revival of a Musical!‚Ä¶ https://t.co/UpFCqgBTwh,34
135,0.5994,0.0,0.698,@CBS,0.302,What a beautiful performance by the cast of #TheBandsVisit. #TonyAwards https://t.co/4Hw96kZvrf,35
136,0.4215,0.0,0.877,@CBS,0.123,"""I'm a living example of how theatre can change you - and it didn't just change me, it saved me."" @JohnLeguizamo at‚Ä¶ https://t.co/4ICwMhb6hv",36
137,0.8932,0.0,0.483,@CBS,0.517,Angels in America takes the win for Best Revival of a Play! #TonyAwards https://t.co/zodW61tw8a,37
138,0.0,0.0,1.0,@CBS,0.0,"RT @leahableson: The Once On This Island Goat And Chicken made it to the broadcast, Mama WILL provide #TonyAwards",38
139,0.0,0.0,1.0,@CBS,0.0,That performance was the GOAT. #TonyAwards https://t.co/mtoU92HipQ,39
140,0.8908,0.0,0.509,@CBS,0.491,Harry Potter and the Cursed Child wins Best Play at the #TonyAwards! @HPPlayNYC https://t.co/WIqJQmtAlN,40
141,0.0,0.0,1.0,@CBS,0.0,üé∂ ‚ÄúLet's dance this last dance tonight.‚Äù üé∂ #TonyAwards #DonnaSummerMusical https://t.co/UAIaglChfv,41
142,0.4926,0.0,0.738,@CBS,0.262,Hope he brought enough birthday cake for everyone! #TonyAwards https://t.co/FlLbKV6oj8,42
143,0.5093,0.0,0.477,@CBS,0.523,@writerlindsayb You're welcome! #TonyAwards,43
144,0.7579,0.0,0.435,@CBS,0.565,RT @hjmayer8: I sure do love @DearEvanHansen üíô #TonyAwards,44
145,0.6467,0.0,0.752,@CBS,0.248,"RT @Valerie4815: What a birthday present, the Tony audience singing happy birthday to you!! #TonyAwards",45
146,0.0,0.0,1.0,@CBS,0.0,If only this performance could go on forever. #TonyAwards @FrozenBroadway https://t.co/p2BMUvyTxr,46
147,0.636,0.0,0.724,@CBS,0.276,RT @anna_villanueva: Magnificent performance from the cast of @FrozenBroadway! #TonyAwards2018 #TonyAwards #Tonys,47
148,0.8834,0.0,0.437,@CBS,0.563,Glenda Jackson wins Best Leading Actress in a Play. #TonyAwards @threetallwomen https://t.co/GRp1gcBuiW,48
149,0.0,0.0,1.0,@CBS,0.0,.@SaraBareilles is totally a Gryffindor. #TonyAwards https://t.co/OPQ7esk2dn,49
150,0.7351,0.079,0.625,@CBS,0.296,RT @IzzyNY202: How impressive are these Marjory Stoneman Douglas students? That #TonyAwards performance reduced me to tears. Amazing.,50
151,0.0,0.0,1.0,@CBS,0.0,RT @KatLargent: MAGIC #TonyAwards,51
152,0.0,0.0,1.0,@CBS,0.0,Such a touching moment at the #TonyAwards. ‚ù§Ô∏è https://t.co/4kJWTHVPZ8,52
153,0.4019,0.0,0.838,@CBS,0.162,.@Matt_Morrison welcomes the Marjory Stoneman Douglas High School theatre department to the stage. #TonyAwards https://t.co/5dxa9smeka,53
154,0.9151,0.0,0.543,@CBS,0.457,So many feels at the #TonyAwards. Congratulations to @arielstachel for winning Best Featured Actor in a Musical!‚Ä¶ https://t.co/m1aRNIHPRK,54
155,0.6369,0.0,0.625,@CBS,0.375,RT @McBenefit: I love everything about you @UzoAduba. #TonyAwards,55
156,0.1511,0.0,0.898,@CBS,0.102,RT if that musical number by the cast of Carousel blew you away! #TonyAwards https://t.co/CMzMNtcAQO,56
157,0.1531,0.0,0.852,@CBS,0.148,Nathan Lane saw his #AngelsinAmerica role as a challenge. How will you challenge yourself in 2018? #TonyAwards https://t.co/3WXd6AqgBi,57
158,0.8834,0.0,0.437,@CBS,0.563,Nathan Lane wins Best Featured Actor in a Play. #TonyAwards @angelsbway https://t.co/xc8M7JtLDE,58
159,0.0,0.0,1.0,@CBS,0.0,üåü¬†@joshgroban and @SaraBareilles are Host Goals. üåü #TonyAwards https://t.co/OGQec8cXJ6,59
160,0.2714,0.0,0.793,@CBS,0.207,RT @adub369: This is unbelievable! @SaraBareilles and @joshgroban #TonyAwards,60
161,0.0,0.0,1.0,@CBS,0.0,Who lives in a pineapple and just performed at The Tonys? üççüé∂ The cast of SpongeBob SquarePants: The Musical!‚Ä¶ https://t.co/mvFxdh9UJi,61
162,0.8478,0.0,0.494,@CBS,0.506,‚ú® @LindsayMendez wins Best Featured Actress in a Musical! #TonyAwards @carouselbway https://t.co/MtgFowscN5,62
163,0.8858,0.0,0.435,@CBS,0.565,A big congratulations to @springsteen for his Special Tony award! ‚ú®¬†#TonyAwards https://t.co/i16u8uv9aT,63
164,0.0,0.0,1.0,@CBS,0.0,Can the 73rd annual #TonyAwards just be three-hours of @TitussBurgess? https://t.co/3rCZwwTUtv,64
165,0.25,0.0,0.92,@CBS,0.08,"RT @CBSThisMorning: ""We know there are a lot of you out there who have photos of yourself in school plays or community theater."" Post your‚Ä¶",65
166,0.4588,0.0,0.833,@CBS,0.167,Keep your acceptance speeches short or else the #TonyAwards will get the angels involved. #AngelsInAmerica üëº https://t.co/oznhezRzDc,66
167,0.0,0.0,1.0,@CBS,0.0,"If you haven't started singing, you will be the rest of the night. #TonyAwards #MyFairLady https://t.co/jbGXwnru8N",67
168,0.3612,0.0,0.737,@CBS,0.263,RT @marialena_rago: I like this opener for @MyFairLadyBway #TonyAwards,68
169,0.8908,0.0,0.43,@CBS,0.57,Laurie Metcalf wins Best Featured Actress in a Play! #TonyAwards @threetallwomen https://t.co/y4teyJaRPs,69
170,0.0,0.0,1.0,@CBS,0.0,Tina Fey has a boat?? #MeanGirls #TonyAwards https://t.co/phYxmHMd3d,70
171,0.0,0.0,1.0,@CBS,0.0,Representing the hardest-working men and women in Broadway‚Ä¶¬†ensemble members from every nominated musical tonight!‚Ä¶ https://t.co/imlEEnOUla,71
172,0.6369,0.0,0.588,@CBS,0.412,RT @misschae: I love theatre so much. #TonyAwards,72
173,0.0,0.0,1.0,@CBS,0.0,On Wednesdays they wear pink and on Sundays they perform at the #TonyAwards. üíï Who thought that performance by the‚Ä¶ https://t.co/w7QDkaX6kF,73
174,0.6369,0.0,0.756,@CBS,0.244,"RT @MichaelJMoritz: ""We are all made perfectly and we all belong‚Äù - Andrew Garfield #TonyAwards",74
175,0.8834,0.0,0.437,@CBS,0.563,Andrew Garfield wins Best Leading Actor in a Play. #TonyAwards @angelsbway https://t.co/s2VQnw6IPP,75
176,0.6696,0.0,0.64,@CBS,0.36,"RT @nightingalen: Love this opening song! @joshgroban
@SaraBarreilles 
#TonyAwards",76
177,0.0,0.0,1.0,@CBS,0.0,‚ú® @joshgroban and @SaraBareilles take the stage to begin an unforgettable evening. #TonyAwards https://t.co/y9uzlK2DzO,77
178,0.0,0.0,1.0,@CBS,0.0,Grab your popcorn... it's time for the #TonyAwards! Go and stream the entire show now: https://t.co/Wo1algQHix https://t.co/JGYTk4NPDN,78
179,0.0,0.0,1.0,@CBS,0.0,‚ú® @thegoodfight's Christine Baranski has arrived on the #TonyAwards red carpet! Watch LIVE at 8/7c on CBS! https://t.co/XnXAnPtRrc,79
180,0.0,0.0,1.0,@CBS,0.0,"The hosts have arrived! We're LIVE with @SaraBareilles, @joshgroban and more on the #TonyAwards red carpet hosted b‚Ä¶ https://t.co/NtarbgywLe",80
181,0.4184,0.0,0.843,@CBS,0.157,Tonight's the night! Join @etnow's @DDirecto on the #TonyAwards' red carpet starting at 5PM ET! https://t.co/hZLOSiIRAT,81
182,0.5093,0.0,0.845,@CBS,0.155,These two know a thing or two about awards! Watch them light up the stage tomorrow at the #TonyAwards. ‚ú® https://t.co/KHVZp65oLS,82
183,0.0,0.0,1.0,@CBS,0.0,Here's everything you need to know before watching the #TonyAwards this Sunday at 8/7c: https://t.co/jcRgNGmLUZ https://t.co/8suUhVPFK6,83
184,0.296,0.0,0.82,@CBS,0.18,Join @etnow's @DDirecto this Sunday on the #TonyAwards' red carpet. https://t.co/7jS8g10KmY,84
185,0.0,0.0,1.0,@CBS,0.0,Here's @laChanze with a reminder that you can stream the #TonyAwards this Sunday on CBS All Access! https://t.co/8TDEXzKmyQ,85
186,0.9078,0.0,0.564,@CBS,0.436,"We all get by with a little help from our friends, so what better way to celebrate #NationalBestFriendsDay than to‚Ä¶ https://t.co/pIZezbBwaT",86
187,0.3612,0.0,0.872,@CBS,0.128,"Get ready for show-stopping performances by the casts of the 2018 Tony-nominated shows Mean Girls, SpongeBob Square‚Ä¶ https://t.co/NiSx9Bbw0F",87
188,0.2732,0.105,0.719,@CBS,0.176,Don‚Äôt miss a special performance from @springsteen this Sunday at the #TonyAwards: https://t.co/LYYdleaFwU https://t.co/IKkKoITH9y,88
189,0.3595,0.0,0.872,@CBS,0.128,"RT @CBSThisMorning: .@SaraBareilles and @joshgroban are hosting this Sunday's @TheTonyAwards on @CBS! 

Wednesday, they'll join us LIVE on‚Ä¶",89
190,-0.4404,0.177,0.723,@CBS,0.1,"RT @SU2C: SU2C telecast Co-Executive Producer Bradley Cooper sits down with Mitch Carbon, a pediatric cancer survivor who benefited from #S‚Ä¶",90
191,0.4574,0.0,0.824,@CBS,0.176,RT @StrangeAngel: About last night... The #StrangeAngel screening party was a blast! Pun intended. üöÄüòè https://t.co/m64EcNmweY,91
192,0.5093,0.0,0.845,@CBS,0.155,These CBS stars can really belt it out! Find out which celebs from your favorite shows are pitch-perfect:‚Ä¶ https://t.co/X4zMACFazB,92
193,0.0,0.0,1.0,@CBS,0.0,"More stars are set to appear at the #TonyAwards, including @billyjoel, @amyschumer, and @katharinemcphee. See who e‚Ä¶ https://t.co/lPUocBcn9t",93
194,0.0,0.0,1.0,@CBS,0.0,"The #TonyAwards are just days away, and @joshgroban and @SaraBareilles will bring all they've got to Broadway's Big‚Ä¶ https://t.co/eKkWn6ClSq",94
195,-0.3903,0.131,0.807,@CBS,0.062,"Call us old-fashioned, but we donut want you missing out on #NationalDonutDay! Here are a few treats from us to you‚Ä¶ https://t.co/HpzN8bQ3SO",95
196,0.8442,0.0,0.664,@CBS,0.336,Remember @Lin_Manuel‚Äôs beautiful sonnet from the 70th Annual Tony Awards¬Æ? Relive some of the greatest moments in‚Ä¶ https://t.co/IZjeQLd58C,96
197,0.8932,0.0,0.545,@CBS,0.455,"Good friends @joshgroban and @SaraBareilles are hosting the #TonyAwards together? Well, this is bound to be fun! https://t.co/26Vgzp0s2e",97
198,0.4926,0.0,0.849,@CBS,0.151,"The #TonyAwards just got even better because @UzoAduba, @MattBomer, and more stars will be presenting live! Find ou‚Ä¶ https://t.co/hfFBtWo1T9",98
199,0.0,0.0,1.0,@CBS,0.0,"Mark your calendars. @SalvationCBS returns Monday, June 25 at 9/8c! ‚òÑÔ∏è https://t.co/N9pYuhYLRF",99
200,0.0,0.0,1.0,@CNN,0.0,Watch these thrill-seekers take a 853-foot bungee jump off the world's highest glass-bottomed bridge‚Ä¶ https://t.co/9lZtN0ybYN,0
201,0.0,0.0,1.0,@CNN,0.0,"Scientists have used in-vitro fertilization techniques to develop hybrid rhino embryos -- ""test-tube rhinos"" -- whi‚Ä¶ https://t.co/DdmHrPTmh4",1
202,0.4215,0.0,0.798,@CNN,0.202,"83-year-old artist Christo has been creating conceptually challenging, and large-scale work since the late 1950s. N‚Ä¶ https://t.co/o5oeHI6JWi",2
203,-0.9153,0.396,0.604,@CNN,0.0,"Iran executed eight men convicted of terrorism for last year's twin attacks that left 17 people dead in Tehran, sta‚Ä¶ https://t.co/ZRe4IjsEKp",3
204,0.7003,0.0,0.734,@CNN,0.266,French President Emmanuel Macron has praised the skills of an 11-year-old Nigerian artist who drew a stunning portr‚Ä¶ https://t.co/4hGAX3ranQ,4
205,0.0,0.0,1.0,@CNN,0.0,A police officer asked a 6-year-old girl in a wheelchair to dance. The internet swooned. https://t.co/lcjkyARb11 https://t.co/yQ28gzEOVN,5
206,0.0,0.0,1.0,@CNN,0.0,After thousands signed a petition to fly a giant balloon that caricatures President Trump as a baby during his visi‚Ä¶ https://t.co/gzQqfXEnqJ,6
207,0.0,0.0,1.0,@CNN,0.0,"A woman's toenails fell off due to a fish pedicure she'd had months prior, according to a new report‚Ä¶ https://t.co/StQBv9YHto",7
208,0.0,0.0,1.0,@CNN,0.0,Looking at buildings can actually give people headaches. Here's why https://t.co/l7LYGg7LpO VIA @CNNStyle https://t.co/fjhrScl4Wk,8
209,0.7096,0.0,0.718,@CNN,0.282,"Disney Imagineering has released video of ""Stuntronics"" ‚Äî robots capable of performing impressive stunts at its the‚Ä¶ https://t.co/hezrRVfsza",9
210,0.1761,0.117,0.736,@CNN,0.147,Xiaomi was once the world's most valuable startup. But escalating trade tensions might now stunt the Chinese smartp‚Ä¶ https://t.co/pkhoGEAepH,10
211,0.0,0.0,1.0,@CNN,0.0,"This architecture practice has set its sights on building an inflatable, 30-ton disco ball in the Nevada desert for‚Ä¶ https://t.co/2qAhl6MGXi",11
212,0.0,0.0,1.0,@CNN,0.0,Sesame Place is the first theme park to be designated as a Certified Autism Center. 80% of their staff has undergon‚Ä¶ https://t.co/KQPjxB6Cet,12
213,0.128,0.0,0.914,@CNN,0.086,Watch Angelica Gonzalez-Garcia and her 8-year-old daughter reunite at Boston's Logan Airport in a CNN exclusive rep‚Ä¶ https://t.co/KqOSgXle2O,13
214,-0.5859,0.232,0.634,@CNN,0.134,"These expert cave divers show the dangers of cave diving, and why untrained divers like the young boys trapped in a‚Ä¶ https://t.co/hyWk0E5sTm",14
215,-0.7506,0.348,0.652,@CNN,0.0,Lions killed suspected rhino poachers who sneaked into a South African game reserve https://t.co/w49vJ0rRN5 https://t.co/51P6zfTY0s,15
216,-0.4404,0.221,0.653,@CNN,0.126,A 3-year-old cancer survivor served as a flower girl in her bone marrow donor's wedding https://t.co/lCbQcTTbYR https://t.co/ZuCeIf9QUz,16
217,0.4939,0.0,0.862,@CNN,0.138,"In honor of Subaru of America's 50th anniversary, we look back at the company's first model, the Subaru 360 ‚Äî possi‚Ä¶ https://t.co/F2FSb9wYlr",17
218,0.5719,0.087,0.684,@CNN,0.228,Tech billionaire Elon Musk is sending SpaceX and Boring Company engineers to Thailand to help aid the rescue of the‚Ä¶ https://t.co/Tg0GRJKLWP,18
219,0.0,0.0,1.0,@CNN,0.0,A giant 'Trump Baby' balloon is set to be flown close to the UK Parliament during President Trump's upcoming visit‚Ä¶ https://t.co/Tg92h6TdXH,19
220,-0.3818,0.233,0.647,@CNN,0.121,"Stephen Ditko, co-creator of Marvel Comics superheroes Spider-Man and Doctor Strange, has died at 90 years old. https://t.co/6MB7nvemUl",20
221,0.7003,0.087,0.633,@CNN,0.28,There may be a glimmer of hope in the fight to protect people from HIV-1.  A new vaccine appears to be safe and ind‚Ä¶ https://t.co/k2J0O35Xhn,21
222,0.3736,0.095,0.749,@CNN,0.156,Which was your favorite piece of 2000's tech? Your flip phone? MP3 player? PDA? Fire up your blackberry and explore‚Ä¶ https://t.co/dxpvswrbAa,22
223,-0.0772,0.084,0.843,@CNN,0.072,The top flutist at the Boston Symphony Orchestra is suing the group because she says she makes only 75% of what a m‚Ä¶ https://t.co/9AqyaHFAFV,23
224,-0.7717,0.489,0.511,@CNN,0.0,How a trade war could turn into a recession https://t.co/03d7yPOMEX https://t.co/6xyAR2xBZJ,24
225,0.0,0.0,1.0,@CNN,0.0,"Mark Zuckerberg is now the third-richest person in the world, bumping Warren Buffett to fourth place‚Ä¶ https://t.co/Ovmbupu4Dx",25
226,0.0,0.0,1.0,@CNN,0.0,"President Trump's Florida resort, Mar-a-Lago, has filed a request to the Department of Labor for 61 visas for forei‚Ä¶ https://t.co/8wuphpD5Nu",26
227,0.4215,0.0,0.798,@CNN,0.202,A class of drugs found in flea medications for pets could help prevent infections in humans https://t.co/erD2oJYeXw https://t.co/JW274d9cn2,27
228,0.5719,0.087,0.684,@CNN,0.228,Tech billionaire Elon Musk is sending SpaceX and Boring Company engineers to Thailand to help aid the rescue of the‚Ä¶ https://t.co/NHsMhBiwOr,28
229,-0.1027,0.08,0.92,@CNN,0.0,"With Puerto Rico still recovering from hurricanes Irma and Maria last year, cautious residents filled supermarkets‚Ä¶ https://t.co/N9qXVdZAf6",29
230,0.0,0.0,1.0,@CNN,0.0,Former RNC finance chair's former mistress sues him and Stormy Daniels' lawyers https://t.co/NFqX7d3MW2 https://t.co/TFcwoAOG03,30
231,0.0,0.0,1.0,@CNN,0.0,It's been more than a week since a federal judge in California ordered the Trump administration to reunite the fami‚Ä¶ https://t.co/SOqngJpJwR,31
232,0.4767,0.083,0.655,@CNN,0.262,"Trump's legal team demanded that before the President agrees to an interview, the special counsel's team must prove‚Ä¶ https://t.co/T7x09MmuI7",32
233,0.0,0.0,1.0,@CNN,0.0,After thousands signed a petition to fly a giant balloon that caricatures President Trump as a baby during his visi‚Ä¶ https://t.co/576K1JEqKB,33
234,0.5994,0.0,0.776,@CNN,0.224,"Two Boston Police Department officers sang a duet of ""God Bless America,"" and NYPD officers responded with some sin‚Ä¶ https://t.co/unDSqh08Hb",34
235,0.2732,0.0,0.909,@CNN,0.091,"One of the energy companies that the new EPA head worked for as a lobbyist is seeking contracts from the agency, ra‚Ä¶ https://t.co/XnyoxfqFEK",35
236,0.0,0.0,1.0,@CNN,0.0,OUT: Scott Pruitt. IN: Bill Shine | Analysis by @CillizzaCNN https://t.co/Wgr8JpJUWB https://t.co/x70bG5j6zU,36
237,0.1027,0.0,0.938,@CNN,0.062,"RT @AC360: ""It's a reality television show, inside of a soap opera, wrapped up in a thriller, and deep fried in some crazy,"" says @VanJones‚Ä¶",37
238,0.4019,0.0,0.856,@CNN,0.144,Special counsel prosecutors say a banker allegedly helped former Trump campaign chief Paul Manafort obtain loans wh‚Ä¶ https://t.co/Au3LdmdLdL,38
239,0.0,0.0,1.0,@CNN,0.0,"Just days ahead of a deadline, the Trump administration said it may need more time to reunite some of the immigrant‚Ä¶ https://t.co/EhPpHrYGY3",39
240,-0.7003,0.225,0.775,@CNN,0.0,"RT @AC360: ""Every American should be embarrassed by the level of incompetence that is being revealed through this process,"" says CNN's @ana‚Ä¶",40
241,-0.1779,0.217,0.632,@CNN,0.15,Bereaved mom and Democratic candidate Lucy McBath pushes gun control as she bids to win Georgia's 6th Congressional‚Ä¶ https://t.co/7hkJKp6yQs,41
242,-0.0516,0.138,0.732,@CNN,0.13,"Whether trapped in a cave or held by the US, children need us to care | By Jill Filipovic via @CNNOpinion‚Ä¶ https://t.co/Uy4ixyJtxr",42
243,0.0,0.0,1.0,@CNN,0.0,RT @AC360: CNN‚Äôs @JohnBerman: Where are the kids? The administration claimed they could find any child‚Äôs parents within a few keystrokes ‚Äî‚Ä¶,43
244,0.2263,0.0,0.905,@CNN,0.095,"Washington put tariffs on $34 billion worth of Chinese goods on Friday, and Beijing immediately responded with pena‚Ä¶ https://t.co/iC1LXyqk1K",44
245,0.7003,0.087,0.633,@CNN,0.28,There may be a glimmer of hope in the fight to protect people from HIV-1.  A new vaccine appears to be safe and ind‚Ä¶ https://t.co/1GEKBm6kuS,45
246,0.0,0.0,1.0,@CNN,0.0,"RT @OutFrontCNN: ""I've literally never heard anyone talk the way Donald Trump does... don't slur your fellow Republicans... by saying that‚Ä¶",46
247,0.2732,0.0,0.89,@CNN,0.11,"British PM Theresa May and her government have agreed on a ""business-friendly"" plan for Brexit.

The proposal seeks‚Ä¶ https://t.co/soqa3BY6Zb",47
248,0.1761,0.117,0.736,@CNN,0.147,Xiaomi was once the world's most valuable startup. But escalating trade tensions might now stunt the Chinese smartp‚Ä¶ https://t.co/PdWb05TRec,48
249,-0.5267,0.145,0.855,@CNN,0.0,"A new accuser has come forward to say that he, too, was sexually assaulted by a doctor who treated Ohio State Unive‚Ä¶ https://t.co/boe5HBsKKm",49
250,0.0,0.0,1.0,@CNN,0.0,"RT @OutFrontCNN: Calling it ‚Äúcruel and immoral,‚Äù Republican Rep. Mike Coffman calls for an end to the policy that has resulted in the separ‚Ä¶",50
251,0.5719,0.0,0.844,@CNN,0.156,"‚ÄúI don‚Äôt think either side wins in a trade war,‚Äù says former US Trade Representative Carla Hills, after the US and‚Ä¶ https://t.co/d6C9dRweML",51
252,-0.0772,0.084,0.843,@CNN,0.072,The top flutist at the Boston Symphony Orchestra is suing the group because she says she makes only 75% of what a m‚Ä¶ https://t.co/Zwu9D2yGxS,52
253,0.128,0.0,0.914,@CNN,0.086,Watch Angelica Gonzalez-Garcia and her 8-year-old daughter reunite at Boston's Logan Airport in a CNN exclusive rep‚Ä¶ https://t.co/keWXXr4O1S,53
254,-0.5859,0.232,0.634,@CNN,0.134,"These expert cave divers show the dangers of cave diving, and why untrained divers like the young boys trapped in a‚Ä¶ https://t.co/4LvGO4Jf2w",54
255,0.0772,0.097,0.793,@CNN,0.11,"""There are no words other than 'Thank you, God,' "" South Carolina state Rep. Katie Arrington said, speaking out for‚Ä¶ https://t.co/M1Fll0N2EH",55
256,0.2023,0.0,0.904,@CNN,0.096,"Leandra English, a top Consumer Financial Protection Bureau official, is stepping down from the agency and ending a‚Ä¶ https://t.co/fB3ifsAY6D",56
257,0.0,0.0,1.0,@CNN,0.0,35-year-old entrepreneur Chike Ukaegbu is running for president of Nigeria https://t.co/vqAqVNqtgA https://t.co/aAiNXo0XjJ,57
258,-0.7003,0.266,0.734,@CNN,0.0,Democratic lawmakers tweeted harsh criticism of a call with Health and Human Services Secretary Alex Azar that was‚Ä¶ https://t.co/4lmRRuOkkE,58
259,0.0772,0.0,0.936,@CNN,0.064,"RT @CNNSitRoom: ‚ÄúWhy can‚Äôt the administration meet these court ordered deadlines to reunite families?‚Äù 

Jim @acosta challenges GOP Rep. Lo‚Ä¶",59
260,-0.6597,0.188,0.812,@CNN,0.0,"A blistering heat swept through parts of Canada this week, killing 54 people in the province of Quebec, according t‚Ä¶ https://t.co/S61zM5ozM0",60
261,0.0,0.0,1.0,@CNN,0.0,"Move over, Warren Buffett: Mark Zuckerberg is now the third-richest person in the world. https://t.co/1eNhgNbWtI https://t.co/2dx4cfNaqu",61
262,0.4939,0.0,0.862,@CNN,0.138,"In honor of Subaru of America's 50th anniversary, we look back at the company's first model, the Subaru 360 ‚Äî possi‚Ä¶ https://t.co/gtIERxeRnE",62
263,-0.5606,0.188,0.812,@CNN,0.0,Paul Manafort does not want to visit court until his Virginia criminal trial and waived his right to appear in cour‚Ä¶ https://t.co/Cm5vsAgaJt,63
264,0.7579,0.0,0.651,@CNN,0.349,"An agreement reached Friday may offer a glimmer of hope in a fast-deteriorating situation in southwestern Syria, wh‚Ä¶ https://t.co/MWMDt6QjDn",64
265,0.0,0.0,1.0,@CNN,0.0,"The US-China tariffs have gone into effect, and 1,300 goods are suddenly more expensive than they were yesterday. C‚Ä¶ https://t.co/lj7yvorDYw",65
266,-0.5106,0.142,0.858,@CNN,0.0,"RT @CNNSitRoom: Immigrant families ""became political bargaining chips in this issue of immigration that we as a country have failed to solv‚Ä¶",66
267,-0.5267,0.159,0.841,@CNN,0.0,Thai officials ruled out any immediate attempts to evacuate 12 football players and their coach trapped deep inside‚Ä¶ https://t.co/hgZty2UfSG,67
268,-0.7096,0.258,0.742,@CNN,0.0,A Democrat from Wisconsin running to replace House Speaker Paul Ryan in Congress was arrested and pleaded guilty to‚Ä¶ https://t.co/rPkMDDSfnQ,68
269,0.2263,0.0,0.924,@CNN,0.076,RT @CNNSitRoom: ‚ÄúWe should abolish the policies that allow ICE to go into communities and tear apart families ... We should abolish the per‚Ä¶,69
270,0.0,0.0,1.0,@CNN,0.0,Judge orders the Trump administration to turn over a list of all the children under the age of 5 it believes are in‚Ä¶ https://t.co/9OUdKVAk2h,70
271,-0.6369,0.206,0.794,@CNN,0.0,‚ÄúIt is serious and it is going to get worse.‚Äù: @richardquest on potential effects of the trade war between the Unit‚Ä¶ https://t.co/GVxaSbgrd8,71
272,0.0,0.0,1.0,@CNN,0.0,"RT @CNNMoney: The US-China tariffs have gone into effect, and 1,300 goods are suddenly more expensive than they were yesterday. China has a‚Ä¶",72
273,-0.5574,0.194,0.806,@CNN,0.0,"At least 1 person has died as a result of a wildfire in Northern California, officials say https://t.co/fjacGmlAcM https://t.co/RzlKCIFlHs",73
274,-0.1263,0.14,0.738,@CNN,0.122,"RT @TheLeadCNN: Congressman and former Navy SEAL Scott Taylor says we're talking about ""very bad options all around"" with the rescue missio‚Ä¶",74
275,0.0,0.0,1.0,@CNN,0.0,Sesame Place is the first theme park to be designated as a Certified Autism Center. 80% of their staff has undergon‚Ä¶ https://t.co/ljBdfxA1BW,75
276,-0.4019,0.217,0.632,@CNN,0.15,A common drug used to control blood pressure and help prevent heart failure is being recalled in 22 countries becau‚Ä¶ https://t.co/xSWB9putPY,76
277,-0.6908,0.222,0.778,@CNN,0.0,"The US economy added 213,000 jobs in June. Unemployment ticked up to 4% ‚Äî the first time in almost a year that the‚Ä¶ https://t.co/iZ1v9hSAFi",77
278,-0.2732,0.11,0.89,@CNN,0.0,Charges have been filed against the driver of a tractor-trailer that collided with a bus carrying members of a Cana‚Ä¶ https://t.co/YKj7Awc4BA,78
279,0.4588,0.0,0.88,@CNN,0.12,"RT @CNNnewsroom: ""I'm just glad that they invented Spanx in the 2000s."" @MrsSOsbourne reflects on her role in ""The Osbournes"" and her favor‚Ä¶",79
280,0.4215,0.0,0.865,@CNN,0.135,12 medicines have been recalled in the United States by Sandoz Inc. and its affiliate Novartis Pharmaceuticals Corp‚Ä¶ https://t.co/8geKMy5N2V,80
281,-0.6705,0.241,0.635,@CNN,0.124,"RT @CNNnewsroom: ""As long as you keep on fighting, eventually, the truth will come out"" - Jerome Johnson, cleared of murder after 30 years‚Ä¶",81
282,0.3818,0.0,0.88,@CNN,0.12,"Last year, she gave birth while addicted to opioids. Since then, she's made a stunning turnaround, as the police of‚Ä¶ https://t.co/1WCv7UcaVr",82
283,0.3182,0.121,0.698,@CNN,0.181,"Five-time champion Brazil crashed out of the #WorldCup, losing 2-1 to Belgium in an enthralling quarterfinal‚Ä¶ https://t.co/odWTFDw1ZO",83
284,0.4215,0.0,0.843,@CNN,0.157,"Marvel caps off its biggest box office year ever with ""Ant-Man and the Wasp"" https://t.co/8rUHY7eAO5 https://t.co/u9NaOGim63",84
285,0.0258,0.155,0.614,@CNN,0.231,"RT @CNNMoney: Stocks finish higher after jobs report shows solid employment gains but disappointing wage growth. Dow closes up 100 points,‚Ä¶",85
286,0.6124,0.0,0.84,@CNN,0.16,"RT @CNNnewsroom: ""Scott Pruitt, according to Donald Trump, was doing an outstanding job. Of course, what Scott Pruitt was doing was detrime‚Ä¶",86
287,0.0,0.0,1.0,@CNN,0.0,After thousands signed a petition to fly a giant balloon that caricatures President Trump as a baby during his visi‚Ä¶ https://t.co/9VTLbsXlNP,87
288,0.0,0.0,1.0,@CNN,0.0,"RT @CNNnewsroom: Factoring in weather conditions, meteorologist @JenniferGrayCNN says ""it is going to be a race against time"" for Thai resc‚Ä¶",88
289,-0.5994,0.196,0.804,@CNN,0.0,Donald Trump's war on the alphabet of international order | Analysis by CNN's Z. Byron Wolf https://t.co/3glsmZFkre https://t.co/IzP1xt5TCi,89
290,-0.4588,0.143,0.857,@CNN,0.0,A man involved in the beating of a mentally disabled Chicago man that was streamed on Facebook Live pleaded guilty‚Ä¶ https://t.co/0KrCW6VJjx,90
291,-0.8655,0.451,0.549,@CNN,0.0,"""America's collective inability to confront anti-black racism makes us especially vulnerable online to the very for‚Ä¶ https://t.co/ShVRvnitXF",91
292,-0.4215,0.167,0.833,@CNN,0.0,"Anne Frank's family tried in vain to flee to the US, historians say https://t.co/JqWu24Bhji https://t.co/dLQIHadmW1",92
293,0.3182,0.127,0.683,@CNN,0.19,Five-time champion Venus Williams became the latest big name to be upset at #Wimbledon https://t.co/TTpix5z0R9 https://t.co/T5mNMZoxI5,93
294,0.128,0.0,0.93,@CNN,0.07,Several people with ties to former President George H.W. Bush jumped to his defense in light of President Trump's s‚Ä¶ https://t.co/26AwLdT6e7,94
295,-0.0772,0.13,0.753,@CNN,0.117,A nun and another employee at a Mother Theresa charity home in the Indian state of Jharkhand have been arrested for‚Ä¶ https://t.co/9hSIsBfEH4,95
296,0.5106,0.0,0.852,@CNN,0.148,"Oxygen levels have plummeted in the cave where 12 boys and their coach are awaiting rescue, a Thai official says‚Ä¶ https://t.co/SBGSdi9Qwb",96
297,0.0,0.0,1.0,@CNN,0.0,"RT @CNNnewsroom: ‚ÄúStaying down below with depleted oxygen, that‚Äôs not an option now really, they have to come out,‚Äù CNN‚Äôs Jonathan Miller e‚Ä¶",97
298,0.128,0.0,0.914,@CNN,0.086,Watch Angelica Gonzalez-Garcia and her 8-year-old daughter reunite at Boston's Logan Airport in a CNN exclusive rep‚Ä¶ https://t.co/3lh9DOEnja,98
299,0.5719,0.087,0.684,@CNN,0.228,Tech billionaire Elon Musk is sending SpaceX and Boring Company engineers to Thailand to help aid the rescue of the‚Ä¶ https://t.co/9cguI9qrxQ,99
300,0.5574,0.0,0.841,@FoxNews,0.159,"Colin Reed: ""The issue of the Supreme Court is an issue that unites Republicans and it divides Democrats."" #TheStory https://t.co/zYvP7BM03W",0
301,-0.3612,0.257,0.591,@FoxNews,0.152,.@lizpeek: Democrats are furious about Trump and the Supreme Court ‚Äì They have only Obama to blame   https://t.co/lvIw0GMTtM,1
302,0.0,0.0,1.0,@FoxNews,0.0,".@Jim_Jordan: ""The same law firm that can find an ex British spy to put together a dossier to go after President‚Ä¶ https://t.co/V5zZovxiV8",2
303,0.4019,0.0,0.722,@FoxNews,0.278,Seized by @ICEgov special agents in 2017. https://t.co/0ZjS6vJOV7,3
304,0.6113,0.0,0.75,@FoxNews,0.25,Oprah Winfrey Googled herself for the first time: 'I am so impressed'  https://t.co/BnUUMkYKBM,4
305,-0.1139,0.182,0.818,@FoxNews,0.0,".@kayleighmcenany: ""The American people do not want open borders. They want safety."" https://t.co/Iyt1lFmlvI",5
306,0.4939,0.0,0.758,@FoxNews,0.242,".@bevhallberg: ""[@POTUS] does have pretty high poll ratings right now."" https://t.co/XigGt6En75",6
307,0.7906,0.0,0.682,@FoxNews,0.318,".@susanferrechio on @POTUS picking a new Supreme Court justice: ""Neil Gorsuch was confirmed with three Democrats. I‚Ä¶ https://t.co/4wC5WYMZNX",7
308,0.1139,0.0,0.922,@FoxNews,0.078,SUNDAY: Don't miss U.S. Ambassador to NATO @kaybaileyhutch on @FoxNewsSunday. Check your local listings and tune in‚Ä¶ https://t.co/eKD4ps7lOJ,8
309,0.5719,0.0,0.684,@FoxNews,0.316,President @realDonaldTrump celebrated the June jobs report. https://t.co/V06exUtrpc https://t.co/pxoDYHABRp,9
310,0.0,0.0,1.0,@FoxNews,0.0,".@POTUS: ""I'm going to get one of those little kits and in the middle of the debate when [@SenWarren] proclaims tha‚Ä¶ https://t.co/wsX6oomOHY",10
311,0.5719,0.0,0.684,@FoxNews,0.316,"Yesterday, @IvankaTrump celebrated the June jobs report. https://t.co/V06exUbQxE https://t.co/dgM6knKSjy",11
312,-0.2732,0.121,0.807,@FoxNews,0.072,".@MZHemingway on trade tensions with China: ""What's challenging for @POTUS is that he's not just trying to take on‚Ä¶ https://t.co/GW6BoNhvcv",12
313,-0.743,0.344,0.656,@FoxNews,0.0,Chicago ringleader of Facebook Live beating of disabled teen gets 8 years in prison https://t.co/vdh788raLc,13
314,0.0,0.0,1.0,@FoxNews,0.0,".@adrienneelrod: ""Everybody on that list of 25 people that has been floating around the last few weeks, all of them‚Ä¶ https://t.co/QKiz2ds3QN",14
315,0.4019,0.0,0.816,@FoxNews,0.184,.@RealCandaceO: There Will Be a 'Major Black Exit' From the Democratic Party https://t.co/4Ql6UXsyiw https://t.co/7Y710XGuA8,15
316,0.5574,0.0,0.796,@FoxNews,0.204,".@MrColionNoir: ""There's been this identity politics where if you fit a certain group, you sit in this box and this‚Ä¶ https://t.co/HYmzgbkwbb",16
317,0.0,0.0,1.0,@FoxNews,0.0,"On Twitter, President @realDonaldTrump explained why he thinks Americans shouldn't vote Democrat in 2018.‚Ä¶ https://t.co/rGBuO1PMZJ",17
318,0.0,0.0,1.0,@FoxNews,0.0,.@NancyPelosi responds to Scott Pruitt leaving the EPA. https://t.co/g0917HaTMK,18
319,-0.6705,0.297,0.703,@FoxNews,0.0,Three social media stars die after falling 100 feet over waterfall while hiking: police  https://t.co/YMpcNqs8wW,19
320,0.4588,0.0,0.812,@FoxNews,0.188,Couple takes Waffle House-themed wedding portraits after posing for Waffle House engagement pics  https://t.co/Yh567ys1Xq,20
321,0.0,0.0,1.0,@FoxNews,0.0,".@repdianeblack: ""Now job creators are looking for more employees."" https://t.co/QrCcm1uAPY",21
322,0.2023,0.0,0.87,@FoxNews,0.13,".@davidwebbshow: ""@TheDemocrats are playing hardball because they're driving to their base."" #Outnumbered https://t.co/8JlJxYeal6",22
323,0.0,0.0,1.0,@FoxNews,0.0,Pompeo reportedly gives Kim Jong Un an Elton John 'Rocket Man' CD at Trump's request  https://t.co/fmlk1Jx2q9,23
324,-0.7096,0.409,0.444,@FoxNews,0.147,".@DavidAsmanfox: ""China lies. They steal. They steal our intellectual property. And they cheat."" https://t.co/vKVlT1uKG6",24
325,0.0,0.0,1.0,@FoxNews,0.0,Poll: @POTUS's handling of immigration. https://t.co/U2AHOTTjRL,25
326,0.0,0.0,1.0,@FoxNews,0.0,".@SenWarren hits back at President @realDonaldTrump after he once again called her ""Pocahontas"" and said that he wo‚Ä¶ https://t.co/Zoagxv36Hk",26
327,-0.296,0.18,0.82,@FoxNews,0.0,Liberal states impose new individual mandate ahead of ObamaCare rollback https://t.co/HPPwtmA5h1,27
328,-0.1139,0.182,0.818,@FoxNews,0.0,".@kayleighmcenany: ""The American people do not want open borders. They want safety."" https://t.co/vCaaPSswfg",28
329,0.6249,0.0,0.594,@FoxNews,0.406,".@KristinaParts: ""A great report."" #jobsreport https://t.co/V06exUbQxE https://t.co/8MU2HRvu2V",29
330,-0.875,0.44,0.56,@FoxNews,0.0,Rep. Jason Lewis: Violent political threats are serious and starting to spin out dangerously out of control  https://t.co/TSYCBu4scT,30
331,-0.6486,0.346,0.654,@FoxNews,0.0,Man accused of tossing drink at pro-Trump teen inside Whataburger arrested https://t.co/zL4dc9octs,31
332,-0.6597,0.353,0.526,@FoxNews,0.121,Border Patrol rescues 64 illegal immigrants inside tractor trailers; 9 US citizens arrested  https://t.co/oft5xs3Tfq,32
333,-0.0516,0.19,0.635,@FoxNews,0.175,.@toddstarnes: Pastor under fire for high school football devotional  https://t.co/Dw1atEN5g2,33
334,0.0,0.0,1.0,@FoxNews,0.0,Beryl becomes first named Atlantic hurricane of 2018 https://t.co/PbqqUnjhtU,34
335,0.0,0.0,1.0,@FoxNews,0.0,"RT @FoxNewsResearch: June 30 - July 6
‚ÄîWeek in Numb3rs‚Äî

3rd ‚Üí Trip to North Korea for Pompeo

74 ‚Üí Hot dogs eaten by Joey Chestnut

242nd‚Ä¶",35
336,-0.6249,0.212,0.788,@FoxNews,0.0,"RT @FoxNewsResearch: Longest stretches of 5% unemployment or lower since 1970:

‚Üí May 1997 ‚Äì Sept 2001: 53 months

‚Üí Sept 2015 ‚Äì Present: 3‚Ä¶",36
337,0.0,0.0,1.0,@FoxNews,0.0,Who is Katie Arrington? 3 things to know about the South Carolina congressional candidate https://t.co/Q7uwUi4BmZ,37
338,0.6908,0.0,0.749,@FoxNews,0.251,WWII veteran Waitman Kapaldo was welcomed to the USS Laffey Friday during a ceremony honoring 32 crew members kille‚Ä¶ https://t.co/CWv5gbf0LI,38
339,0.0,0.0,1.0,@FoxNews,0.0,"Steve Ditko, Spider-Man co-creator, dies at age 90 https://t.co/bgnSLl8WjQ",39
340,0.0,0.0,1.0,@FoxNews,0.0,"Paul Manafort being held in solitary confinement, lawyers say https://t.co/Oo9rLvx8sZ",40
341,0.0,0.0,1.0,@FoxNews,0.0,The #DailySpike: Make every day #IndependenceDay @dailybriefing  https://t.co/ygLVujMMq5,41
342,-0.7184,0.353,0.647,@FoxNews,0.0,Freak lawnmower accident leaves girl with 200 stitches down middle of face https://t.co/wrkRzMfnuy,42
343,0.25,0.161,0.593,@FoxNews,0.246,"OxyContin maker placed profits over people, lawsuit reveals https://t.co/vqFaOFiv5O",43
344,0.6486,0.0,0.773,@FoxNews,0.227,"Cornel West on democratic socialism: ""The fundamental commitment is to the dignity of ordinary people and to make s‚Ä¶ https://t.co/B2xPh7dygu",44
345,0.2732,0.0,0.769,@FoxNews,0.231,Episcopal Church considers making God gender neutral https://t.co/gIs3hPZTc6,45
346,-0.1779,0.135,0.757,@FoxNews,0.108,.@KimStrassel: Will the FBI come clean this week -- We may soon find out if the Bureau has been lying https://t.co/eP7yvltYVy,46
347,0.7579,0.0,0.723,@FoxNews,0.277,"The @Brewers honored military veterans in a special ceremony before the game on Independence Day. The team, in asso‚Ä¶ https://t.co/7teshpjLAS",47
348,0.0,0.0,1.0,@FoxNews,0.0,.@VP Mike Pence spent time with the Collins family on Friday at The White House. Their son Calen is about to underg‚Ä¶ https://t.co/26WYdaw9F5,48
349,-0.34,0.221,0.64,@FoxNews,0.14,Florida man claims pro-Trump flag was motivation behind Fourth of July assault https://t.co/MfEDYMmnIX,49
350,-0.8126,0.425,0.575,@FoxNews,0.0,"Mom arrested after newborn, 2-year-old sister found dead in rural Missouri https://t.co/DxqWXnOzCU",50
351,0.0,0.0,1.0,@FoxNews,0.0,Bentley the dog became a viral sensation after he was photographed along the route of his family's road trip.‚Ä¶ https://t.co/cqrKiI9YoO,51
352,0.5574,0.0,0.841,@FoxNews,0.159,"Colin Reed: ""The issue of the Supreme Court is an issue that unites Republicans and it divides Democrats."" #TheStory https://t.co/vuLXl9Ql2w",52
353,0.0,0.0,1.0,@FoxNews,0.0,"DOJ, FBI still not in full compliance with document request: sources https://t.co/PVqK15oeFZ",53
354,-0.296,0.18,0.82,@FoxNews,0.0,Liberal states impose new individual mandate ahead of ObamaCare rollback https://t.co/jI8z26UnM8,54
355,0.0,0.0,1.0,@FoxNews,0.0,".@ChrisStirewalt: ""@realDonaldTrump is remaking U.S. foreign policy for a generation and he might do a lot of it on‚Ä¶ https://t.co/6VqkaooVcI",55
356,0.089,0.128,0.729,@FoxNews,0.143,"Nevada woman, 80, allegedly beaten, shot in face by naked home invader: 'I can't die this way' https://t.co/O961DObyfN",56
357,-0.7906,0.438,0.562,@FoxNews,0.0,'It's False': @Jim_Jordan Denies Knowledge of Sexual Abuse at OSU  https://t.co/OrLFMWG3lE,57
358,-0.2732,0.121,0.807,@FoxNews,0.072,".@MZHemingway on trade tensions with China: ""What's challenging for @POTUS is that he's not just trying to take on‚Ä¶ https://t.co/qH0soM5UYI",58
359,-0.6249,0.274,0.622,@FoxNews,0.104,".@stephenfhayes on trade tensions with China: ""We're here because you cant rhetorically start a trade war like this‚Ä¶ https://t.co/r30rtYVBF5",59
360,0.5267,0.0,0.841,@FoxNews,0.159,".@DrPhil ‚Äì His journey, his stories and his intangible wisdom ‚Äì He joins @HarveyLevinTMZ on an ALL-NEW episode of '‚Ä¶ https://t.co/OR0bVNf0LG",60
361,0.6249,0.0,0.728,@FoxNews,0.272,Great white shark sneaks up on California kayaker fishing for halibut https://t.co/rbe0WlBnXJ,61
362,0.5267,0.0,0.825,@FoxNews,0.175,The Department of Justice is asking for an extension to reunite migrant families; @aacuna1 reports. #SpecialReport‚Ä¶ https://t.co/K27HsZWIzT,62
363,-0.4019,0.153,0.847,@FoxNews,0.0,".@johnrobertsFox on trade tensions with China: ""President @realDonaldTrump acknowledges that there may be some shor‚Ä¶ https://t.co/tUUTYRQ3cN",63
364,0.0,0.0,1.0,@FoxNews,0.0,".@Brewers, in association with @SSHonorFlight, paid tribute to military veterans with #FourthofJuly ceremony.‚Ä¶ https://t.co/iWmSalp30g",64
365,0.3182,0.0,0.796,@FoxNews,0.204,".@Jim_Jordan: ""We're gonna get the truth out."" #SpecialReport https://t.co/xJF1G8EIDr https://t.co/5bt8XfGFC8",65
366,0.0,0.0,1.0,@FoxNews,0.0,".@Jim_Jordan: ""The same law firm that can find an ex British spy to put together a dossier to go after President‚Ä¶ https://t.co/7LputhUfCm",66
367,-0.1779,0.144,0.699,@FoxNews,0.157,".@Jim_Jordan: ""We want to get to the truth. If there were people who were abused, they deserve justice.""‚Ä¶ https://t.co/fqum8hdldV",67
368,-0.6369,0.167,0.833,@FoxNews,0.0,".@Jim_Jordan: ""I never saw, never heard of, never was told about any type of abuse. If I had been, I would have dea‚Ä¶ https://t.co/YzVr5vfI6n",68
369,0.7096,0.0,0.742,@FoxNews,0.258,".@Jim_Jordan: ""These were our student athletes. A good coach puts the interest of his student athletes first. We wo‚Ä¶ https://t.co/aRmJoGWaFW",69
370,-0.3593,0.142,0.858,@FoxNews,0.0,".@kimguilfoyle: ""I didn't realize that it's so grossly unpopular to actually enforce the laws."" #TheFive‚Ä¶ https://t.co/y9KuEF0jqg",70
371,-0.5256,0.166,0.834,@FoxNews,0.0,".@JesseBWatters on #StatueOfLiberty climber: ""She's totally selfish and she cost the city a lot of money. She diver‚Ä¶ https://t.co/VSTrHkoZEg",71
372,-0.7579,0.289,0.711,@FoxNews,0.0,TUNE IN: Rep. @Jim_Jordan responds to allegations he ignored sexual abuse while he was a wrestling coach. Watch‚Ä¶ https://t.co/ClAtI0RIS3,72
373,0.34,0.0,0.888,@FoxNews,0.112,".@PlanetTyrus: ""We have a saying where I'm from. It's called, 'Break bread or play dead,' and that's what we're doi‚Ä¶ https://t.co/MedcCg4x92",73
374,-0.0516,0.159,0.691,@FoxNews,0.15,'We Got China By the Short Hairs': Wall Street Trader Predicts Long-Term U.S. Success in 'Trade War' https://t.co/hZq9yiXlmN @TeamCavuto,74
375,0.4019,0.0,0.863,@FoxNews,0.137,.@VP Mike Pence expressed his support for immigration authorities during his speech at ICE headquarters on Friday.‚Ä¶ https://t.co/qo6CYj8Kyd,75
376,0.7906,0.0,0.682,@FoxNews,0.318,".@susanferrechio on @POTUS picking a new Supreme Court justice: ""Neil Gorsuch was confirmed with three Democrats. I‚Ä¶ https://t.co/ztdzKyGcuF",76
377,-0.875,0.44,0.56,@FoxNews,0.0,Rep. Jason Lewis: Violent political threats are serious and starting to spin out dangerously out of control https://t.co/rSvoPc6AbG,77
378,-0.6705,0.243,0.757,@FoxNews,0.0,"Bear in Georgia hit, killed by car marks eighth this year, wildlife officials say https://t.co/39S1a0gWHg",78
379,-0.7579,0.448,0.552,@FoxNews,0.0,'World Cup' trophy presented to 5-year-old boy battling cancer https://t.co/EpaEcoCchC,79
380,-0.2732,0.11,0.89,@FoxNews,0.0,.@SecPompeo is in North Korea to press the nation to drop its nuclear program; @GillianHTurner reports. @TeamCavuto‚Ä¶ https://t.co/GyKS9456ec,80
381,-0.8316,0.415,0.585,@FoxNews,0.0,.@GrecianFormula: The US-China trade war has begun - a shooting war could be next https://t.co/ZNOgbFSZNP,81
382,-0.6908,0.241,0.759,@FoxNews,0.0,".@TomColeOK04 on trade tensions with China: ""You don't see much upside in this fight. But I will say, there's a lot‚Ä¶ https://t.co/hgbup3cIr7",82
383,-0.101,0.145,0.724,@FoxNews,0.131,"Bob Iaccino: ""I don't really feel that there's a winner in any sort of a trade war because the end game is slower e‚Ä¶ https://t.co/qKqYtKutCs",83
384,-0.2023,0.13,0.87,@FoxNews,0.0,Thai soccer team evacuation postponed as rescuers continue prepping boys for dive https://t.co/jKv4P3tBmA,84
385,0.296,0.0,0.855,@FoxNews,0.145,".@hillary__vaughn: ""The economy is on its longest job creating streak ever."" @TeamCavuto https://t.co/Dr5RrbsuwX https://t.co/4YgntuGoT1",85
386,-0.1779,0.096,0.904,@FoxNews,0.0,"China is accusing the U.S. of being a ""bully"" when it comes to trade; @BlakeBurman reports. @TeamCavuto‚Ä¶ https://t.co/gsVE9rMYjo",86
387,0.0,0.0,1.0,@FoxNews,0.0,".@DeirdreBolton: ""As of [Friday] both the U.S. and China have about $34 billion in tariffs on each other's products‚Ä¶ https://t.co/gVDjebBLWr",87
388,0.1695,0.0,0.906,@FoxNews,0.094,"""This campaign's never stopped for me."" @pdoocy reports on congressional candidate @karringtonsc who spoke for firs‚Ä¶ https://t.co/t1PqZ4i7vK",88
389,-0.4215,0.183,0.759,@FoxNews,0.058,"""When you're nervous, or you're anxious, or you don't know what you're doing...There are a number of factors that j‚Ä¶ https://t.co/gx6chRuB6r",89
390,0.0,0.0,1.0,@FoxNews,0.0,"Catherine Glenn Foster: ""Roe v. Wade was wrongly decided and we do expect it to be overturned, now more than ever.""‚Ä¶ https://t.co/KxLdMyFeUA",90
391,0.3182,0.0,0.874,@FoxNews,0.126,".@ericajanes: ""We're asking [Supreme Court nominees] to affirm that they believe the Constitution protects the indi‚Ä¶ https://t.co/g4lttBSZXG",91
392,-0.743,0.344,0.656,@FoxNews,0.0,Chicago ringleader of Facebook Live beating of disabled teen gets 8 years in prison https://t.co/LgfCQ9xJcP,92
393,0.0,0.0,1.0,@FoxNews,0.0,".@VP message to ICE &amp; Border Patrol: ""At a time when some people are actually calling for the abolition of ICE, in‚Ä¶ https://t.co/u33sk18H1q",93
394,0.0,0.0,1.0,@FoxNews,0.0,New York man with autism uses @boyscouts skills to survive 50 hours in woods during heat wave https://t.co/uhGCVAiXB3,94
395,0.0,0.0,1.0,@FoxNews,0.0,"RT @FoxNewsResearch: U.S. Manufacturing Jobs:
‚Ä¢June 2009: 11.7M
‚Ä¢June 2010: 11.5M
‚Ä¢June 2011: 11.7M
‚Ä¢June 2012: 11.9M
‚Ä¢June 2013: 12.0M
‚Ä¢Ju‚Ä¶",95
396,-0.6705,0.297,0.703,@FoxNews,0.0,Three social media stars die after falling 100 feet over waterfall while hiking: police https://t.co/cc4pxXdEPR,96
397,0.3182,0.0,0.892,@FoxNews,0.108,"Morgan Ortagus on NATO: ""Our NATO allies need to know that [@POTUS] is concerned about America getting a fair shake‚Ä¶ https://t.co/UuInFwdcTZ",97
398,-0.3612,0.135,0.865,@FoxNews,0.0,"Morgan Ortagus: ""This existential argument about who NATO is I think is actually incredibly timely [because] we've‚Ä¶ https://t.co/nh61lXYWsU",98
399,-0.1027,0.076,0.924,@nytimes,0.0,What you pay at the pharmacy for generic drugs can vary widely based on where you live https://t.co/Kxmgh6M0nd,0
400,0.3818,0.0,0.88,@nytimes,0.12,"RT @nytopinion: Ben Carson, Trump's secretary of HUD and a devout Seventh-day Adventist, has described commitment to the separation of chur‚Ä¶",1
401,0.3182,0.0,0.753,@nytimes,0.247,Here‚Äôs Some Cryptocurrency. Now Please Use It. https://t.co/foYqmXlk0H,2
402,0.0,0.0,1.0,@nytimes,0.0,"The new White House communications official, Bill Shine, lifted Fox News but carries the weight of the network‚Äôs ha‚Ä¶ https://t.co/KUU2OroAlV",3
403,-0.34,0.156,0.844,@nytimes,0.0,"If you‚Äôre seeing ‚ÄúSorry to Bother You‚Äù this weekend, stream these titles afterwards
https://t.co/SjNEzDIoxa",4
404,0.1779,0.0,0.904,@nytimes,0.096,"If you‚Äôre going to adopt a country for the World Cup, why not one you experienced firsthand? https://t.co/mmVCGJzaJH",5
405,0.0,0.0,1.0,@nytimes,0.0,RT @nytimesbooks: Ta-Nehisi Coates takes the helm of Captain America this month. He explains where he‚Äôs taking the Star-Spangled Avenger in‚Ä¶,6
406,0.0,0.0,1.0,@nytimes,0.0,The World Cup is the planet‚Äôs most-watched sporting competition. But it's an afterthought for soccer‚Äôs elite scouts. https://t.co/nsKLuSVlpF,7
407,0.1779,0.0,0.898,@nytimes,0.102,"Visiting Seattle? Here‚Äôs what to eat, drink, see and visit in the rapidly growing city. https://t.co/PGcxFwyp3C",8
408,0.1779,0.0,0.898,@nytimes,0.102,"Visiting Seattle? Here‚Äôs what to eat, drink, see and visit in the rapidly growing city. https://t.co/HnonZtQ2fQ",9
409,0.0,0.0,1.0,@nytimes,0.0,Pompeo and North Korean Official Meet for 2nd Day of Talks https://t.co/8wd7XDZDWA,10
410,0.5106,0.0,0.708,@nytimes,0.292,Because summer fun doesn't have to be expensive https://t.co/DmAdpINJ9V,11
411,0.0,0.0,1.0,@nytimes,0.0,Here are the details for each environmental policy that the Trump administration has targeted  https://t.co/LNe6KPYy3Q,12
412,0.4062,0.0,0.72,@nytimes,0.28,9 reads almost as satisfying as taking a vacation https://t.co/3xgL2quywp,13
413,0.0,0.0,1.0,@nytimes,0.0,"RT @RorySmith: ‚ÄúIf you don‚Äôt know every player who‚Äôs here beforehand, you haven‚Äôt done your work properly.‚Äù

Why globalisation, analytics a‚Ä¶",14
414,0.1531,0.096,0.783,@nytimes,0.122,The monument comes with no plaque or explanation. The urge to hit CTRL-ALT-DEL and see what happens is powerful. https://t.co/q7bIHF0sDf,15
415,0.0,0.0,1.0,@nytimes,0.0,New Yorkers can camp ‚Äì and glamp ‚Äì within the city limits. Views include both stars and skyscrapers. https://t.co/YIFnY926ZY,16
416,0.0,0.0,1.0,@nytimes,0.0,"RT @meslackman: Libert√©, √âgalit√©, Fraternit√©‚Äù is not just France‚Äôs motto, it is the law. In fact, the nation‚Äôs highest constitutional tribu‚Ä¶",17
417,-0.5267,0.221,0.779,@nytimes,0.0,Paul Manafort Seeks to Move Criminal Trial Hundreds of Miles From Washington https://t.co/pySaHULlo0,18
418,0.5994,0.093,0.676,@nytimes,0.231,RT @nytgraphics: The obstacles and tasks ahead of rescue divers attempting to save 12 boys and their soccer coach from a cave. https://t.co‚Ä¶,19
419,-0.296,0.208,0.655,@nytimes,0.137,"""Try and keep your cool. The bad stuff happens when you don't."" https://t.co/sqziBOdgUV",20
420,0.1779,0.0,0.931,@nytimes,0.069,RT @amyfiscus: NEW: Trump is growing less likely to sit for an interview with Mueller.  @nytmike and @maggieNYT explain why Trump and his l‚Ä¶,21
421,0.0,0.0,1.0,@nytimes,0.0,"RT @EricLiptonNYT: When Trump administration started all the talk was about how ""Deep State"" would complicate efforts of Trump appointees,‚Ä¶",22
422,0.7378,0.0,0.753,@nytimes,0.247,"RT @EricLiptonNYT: SCOOP: EPA, in last day that Pruitt is administrator, moves to circumvent limit on manufacturing of ""super polluting"" di‚Ä¶",23
423,0.4019,0.069,0.755,@nytimes,0.176,"Anne Frank‚Äôs Family Was Thwarted by United States Immigration Rules, New Research Shows https://t.co/uL88SyD9Sp",24
424,-0.128,0.13,0.762,@nytimes,0.108,Scarlett Johansson faced a storm of criticism after it was reported that she would play a transgender man in a movie https://t.co/HDGyEFlqmy,25
425,0.0,0.0,1.0,@nytimes,0.0,"‚ÄúWe have held on to that idea that men are supposed to provide, but have loosened up on the idea that women have to‚Ä¶ https://t.co/bSjhpxeVwk",26
426,0.0,0.0,1.0,@nytimes,0.0,‚ÄòSuper Polluting‚Äô Trucks Receive Loophole on Pruitt‚Äôs Last Day https://t.co/y9hvV69VAV,27
427,0.743,0.0,0.751,@nytimes,0.249,This new Netflix special lets viewers in on one of comedy‚Äôs biggest secrets: the funniest stand-ups are the ones yo‚Ä¶ https://t.co/kxbjiyhgIm,28
428,0.0,0.0,1.0,@nytimes,0.0,Why aren't people of childbearing age having as many children as they used to? We asked them. https://t.co/mFSAhZmqjc,29
429,0.6705,0.0,0.667,@nytimes,0.333,Vans is saying goodbye to the music festival that made it cool https://t.co/mkX0tpVuXu,30
430,0.5719,0.0,0.73,@nytimes,0.27,A delicious way to use up summer squash (and some cheese) https://t.co/9QEir8UjzC,31
431,-0.1779,0.129,0.773,@nytimes,0.099,"‚ÄúIt‚Äôs such trash you just get sucked into it,‚Äù said one fan of the British reality show ‚ÄúLove Island‚Äù https://t.co/dHCeNAwAxm",32
432,0.4019,0.0,0.838,@nytimes,0.162,How smart TVs in millions of U.S. homes track more than what‚Äôs on tonight https://t.co/Uv37O7nM0X,33
433,0.0,0.0,1.0,@nytimes,0.0,The Lure of the Surfing Life https://t.co/d2UgPjq60d,34
434,0.25,0.113,0.714,@nytimes,0.173,"Jim Jordan Is Defiant as Allegations Mount, and Supporters Point to ‚ÄòDeep State‚Äô https://t.co/DYgjcsX1Y0",35
435,-0.4019,0.184,0.816,@nytimes,0.0,Scott Pruitt‚Äôs Strained Ties With Aides Set the Stage for His Fall https://t.co/zyagUNAVVm,36
436,0.7227,0.068,0.626,@nytimes,0.305,"Modern Love: ‚ÄúI knew it would be difficult, but I wanted to build a life of commitment where friendships mattered a‚Ä¶ https://t.co/zDfQfYGXAQ",37
437,0.4019,0.0,0.828,@nytimes,0.172,"They Came Here to Serve. But for Many Immigrants, the Army Isn‚Äôt Interested. https://t.co/sTWnsJkjuB",38
438,-0.296,0.167,0.833,@nytimes,0.0,"Japanese Journalist, Missing in Syria Since 2015, Appears in New Video https://t.co/eCEVA2wUPY",39
439,-0.6597,0.196,0.804,@nytimes,0.0,Elvis Costello announced that he was canceling the rest of his European tour to recover from a cancer operation https://t.co/dRWdHkPKJh,40
440,0.4364,0.0,0.879,@nytimes,0.121,Scott Pruitt is gone. But the big regulatory rollbacks he set in motion at the EPA are still very much alive. https://t.co/eWxC4C4bmt,41
441,-0.3612,0.2,0.8,@nytimes,0.0,Holocaust Denier in California Congressional Race Leaves State G.O.P. Scrambling https://t.co/23vWx1CQ62,42
442,0.0,0.0,1.0,@nytimes,0.0,What Does a Drug Cost? It Depends on Where You Live. https://t.co/s7oaahSqgb,43
443,0.0,0.0,1.0,@nytimes,0.0,Evening Briefing: Here's what you need to know at the end of the day https://t.co/YjRGZQQ2Nd,44
444,0.5574,0.0,0.795,@nytimes,0.205,Here‚Äôs what 3 of President Trump‚Äôs Supreme Court contenders have said about Roe v. Wade https://t.co/hLAwtm5YjR,45
445,-0.25,0.133,0.867,@nytimes,0.0,Australia Fare: Yatala Pies Has Served Nostalgia for More Than 130 Years. Arguably. https://t.co/eFS1JPO0mU,46
446,0.4019,0.0,0.886,@nytimes,0.114,7 in 10 adults told Pew Research Center that it‚Äôs ‚Äúvery important‚Äù that a man be able to support his family. Only a‚Ä¶ https://t.co/WjRJiudQLH,47
447,0.2732,0.261,0.474,@nytimes,0.266,"Trump Starts a Trade War, but the Path to Success Remains Unclear https://t.co/9snRibCfIQ",48
448,0.5267,0.0,0.841,@nytimes,0.159,A judge ordered that all migrant children be reunited with a parent by July 26. The Justice Department has proposed‚Ä¶ https://t.co/t5ekrc2vKf,49
449,0.1531,0.1,0.773,@nytimes,0.127,A nun and a charity worker were accused of selling a baby at a shelter in India with ties to Mother Teresa https://t.co/sr3V1ROBy1,50
450,0.0,0.0,1.0,@nytimes,0.0,"Migrants, Scott Pruitt, World Cup: Your Friday Evening Briefing https://t.co/mbmBY7bhkW",51
451,-0.5155,0.148,0.852,@nytimes,0.0,"RT @Max_Fisher: They asked me to try to explain why the European Union is melting down, so here's my go: everyone tried so hard to avoid ac‚Ä¶",52
452,-0.0772,0.092,0.83,@nytimes,0.079,"The top flutist at the Boston Symphony Orchestra is suing the ensemble, claiming that she was paid only 75 percent‚Ä¶ https://t.co/fWRmmKJJPu",53
453,0.3818,0.0,0.833,@nytimes,0.167,Ride-sharing services offer convenience for commuters. They can also offer unexpected business opportunities. https://t.co/qJTWDFu6oA,54
454,-0.765,0.292,0.708,@nytimes,0.0,Chris Brown was arrested immediately after his concert Thursday night on a warrant for a charge of felony battery https://t.co/uSoXOuKpjF,55
455,0.0,0.0,1.0,@nytimes,0.0,New Yorkers can camp ‚Äì and glamp ‚Äì within the city limits. Views include both stars and skyscrapers. https://t.co/wAGA51Mr0N,56
456,0.5719,0.0,0.73,@nytimes,0.27,A delicious way to use up summer squash (and some cheese) https://t.co/e8GiILEvl7,57
457,0.0,0.0,1.0,@nytimes,0.0,A gas tax passed last year was seen as a way for California to rebuild its roads. Now its repeal could be key for R‚Ä¶ https://t.co/xFeqLzwXdx,58
458,0.34,0.0,0.893,@nytimes,0.107,Trump shared 18 false claims about everything from food stamps to the proposed border wall at his Montana rally on‚Ä¶ https://t.co/P8GJf0PpS5,59
459,0.0,0.0,1.0,@nytimes,0.0,"RT @NYTNational: Every year, a Japanese-American man visits the internment camp in California where he and his family were held when he was‚Ä¶",60
460,-0.7506,0.291,0.709,@nytimes,0.0,The U.S. border patrol has been stopping Canadian fishing boats off the coast of Maine. ‚ÄúThere is no illegal immigr‚Ä¶ https://t.co/ANd3ugCIqc,61
461,-0.6249,0.203,0.797,@nytimes,0.0,Another World Cup giant has fallen: Brazil is out of the tournament after losing to Belgium. The result sets up a F‚Ä¶ https://t.co/FYrfbSL62q,62
462,0.0,0.0,1.0,@nytimes,0.0,RT @nytimesbooks: Ta-Nehisi Coates takes the helm of Captain America this month. He explains where he‚Äôs taking the Star-Spangled Avenger in‚Ä¶,63
463,-0.2732,0.087,0.913,@nytimes,0.0,Don't count Brazil's World Cup team out just yet. They just cut Belgium‚Äôs lead to 2-1 late in the game. Live update‚Ä¶ https://t.co/ShagEg3xt2,64
464,-0.296,0.115,0.885,@nytimes,0.0,"Indiana Republicans joined Democrats in calling for the resignation of Curtis Hill, the state‚Äôs attorney general, w‚Ä¶ https://t.co/4cL7qqnTNq",65
465,-0.1779,0.129,0.773,@nytimes,0.099,"‚ÄúIt‚Äôs such trash you just get sucked into it,‚Äù said one fan of the British reality show ‚ÄúLove Island‚Äù https://t.co/FbIgmZbGRm",66
466,-0.3612,0.094,0.906,@nytimes,0.0,"RT @stefanoschen: One in eight new apartments in New York is being built in the riskiest flood zones, most of them in Brooklyn and Queens,‚Ä¶",67
467,0.0,0.117,0.766,@nytimes,0.117,"In the afterglow of her upset over Representative Joseph Crowley, Alexandria Ocasio-Cortez made it clear that her c‚Ä¶ https://t.co/CEI5YOxYaE",68
468,-0.5994,0.163,0.837,@nytimes,0.0,"The trade war between the U.S. and China erupted last night. Here's a roundup of what's happened, and what's at sta‚Ä¶ https://t.co/A07w1hOLVE",69
469,-0.1027,0.076,0.924,@nytimes,0.0,What you pay at the pharmacy for generic drugs can vary widely based on where you live https://t.co/cYJqvZcEJ7,70
470,0.836,0.0,0.683,@nytimes,0.317,Brazil has won 5 World Cups. Belgium‚Äôs best finish was the semifinals in 1986. They're meeting in the quarterfinals‚Ä¶ https://t.co/iKcQAQHKSD,71
471,0.7579,0.0,0.735,@nytimes,0.265,"Boulders, wild currents, tight passages and thinning air are obstructing rescue efforts to save 12 Thai boys and th‚Ä¶ https://t.co/bkbwfPkpfU",72
472,0.5577,0.11,0.644,@nytimes,0.246,"Why Belgium will win the World Cup:
‚Ä¢ Belgium has countless weapons
‚Ä¢ Belgium does not panic 

Why Belgium is doome‚Ä¶ https://t.co/kUBHS0XTgp",73
473,0.5106,0.0,0.769,@nytimes,0.231,Free (or cheap) things to do in NYC this weekend https://t.co/yqT6CHe6YX https://t.co/51nbmIUOFZ,74
474,0.4404,0.0,0.861,@nytimes,0.139,"According to acting coaches, World Cup players could improve their acting chops. ‚ÄúNeymar does what all beginning ac‚Ä¶ https://t.co/vdomZyShUW",75
475,0.0,0.0,1.0,@nytimes,0.0,"RT @AndrewDasNYT: Go get your fuel and fluids fast, everyone. @NYTSports has our live coverage of BRAvBEL up and running already. Round 2 o‚Ä¶",76
476,-0.6249,0.242,0.758,@nytimes,0.0,"Thousands of Syrians who fled a government offensive are facing new, deadly risks: scorpions, snakes, disease and d‚Ä¶ https://t.co/bpcbClUnM7",77
477,0.0,0.0,1.0,@nytimes,0.0,Here are the details for each environmental policy that the Trump administration has targeted  https://t.co/MupaPwoLBU,78
478,-0.765,0.28,0.72,@nytimes,0.0,The Ohio man accused of killing one person and injuring multiple others at a white nationalist rally in Charlottesv‚Ä¶ https://t.co/LptjhSDN9p,79
479,0.7351,0.0,0.733,@nytimes,0.267,France is the first team to secure a spot in the World Cup semifinals with a 2-0 win over Uruguay‚Ä¶ https://t.co/Tos3AHD39H,80
480,-0.743,0.27,0.73,@nytimes,0.0,A Japanese journalist went missing in Syria 3 years ago and is believed to be a hostage of terrorists. He appeared‚Ä¶ https://t.co/lTZCSsyu0G,81
481,-0.3612,0.116,0.884,@nytimes,0.0,"RT @DanaGoldstein: There are schools inside the shelters and detention centers housing migrant children. With more kids staying longer, the‚Ä¶",82
482,0.4019,0.0,0.838,@nytimes,0.162,How smart TVs in millions of U.S. homes track more than what‚Äôs on tonight https://t.co/NcTtRhgd0S,83
483,0.4215,0.0,0.872,@nytimes,0.128,The mayor of London approved activists' request to fly a blimp depicting Trump as a baby in a diaper during his vis‚Ä¶ https://t.co/ycsMEhNLGq,84
484,-0.34,0.118,0.882,@nytimes,0.0,Amy McGrath went from a U.S. Naval Academy graduate to a Marine combat aviator to a candidate for Congress. Why? Sh‚Ä¶ https://t.co/rWbwQuQUAg,85
485,0.0,0.0,1.0,@nytimes,0.0,RT @anniecorreal: I‚Äôm on The Daily today with the story of an unusual road trip to New York. https://t.co/3Yhe6Hfhr7,86
486,0.0,0.0,1.0,@nytimes,0.0,Morning¬†Briefing: Here's what you need to know to start your day https://t.co/R756YWP0qW,87
487,-0.4767,0.162,0.838,@nytimes,0.0,The cult leader behind the deadly 1995 sarin gas attack in Tokyo‚Äôs subway has been executed. https://t.co/XOC7RdvHjX,88
488,0.4215,0.0,0.851,@nytimes,0.149,Mike Pompeo is making his third trip to North Korea in hopes of a diplomatic long shot https://t.co/aj1ZjF5B2R,89
489,0.3182,0.0,0.887,@nytimes,0.113,"Fresh off eliminating Messi and Ronaldo from the World Cup, France and Uruguay are meeting for a quarterfinal match‚Ä¶ https://t.co/BHJp3zV6TG",90
490,-0.6249,0.255,0.745,@nytimes,0.0,The crisis in Poland has deepened. Judges are condemning their own court. https://t.co/3fzJkOauM4,91
491,-0.2263,0.101,0.899,@nytimes,0.0,Lions on a South African game reserve ate as many as 3 men who were suspected of poaching rhinos https://t.co/9B95MBJXvX,92
492,0.0,0.0,1.0,@nytimes,0.0,How to watch the World Cup quarterfinals https://t.co/QgEtkLcEV8,93
493,-0.743,0.259,0.741,@nytimes,0.0,The man suspected of killing 5 people in a Maryland newsroom last week sent a letter to a journalist who used to wo‚Ä¶ https://t.co/4ZELY2lHRI,94
494,0.0,0.16,0.679,@nytimes,0.16,"A little-known progressive scored a stunning upset in a Democratic primary. Before Alexandria Ocasio-Cortez, there‚Ä¶ https://t.co/eUYcRxKwVl",95
495,0.3089,0.0,0.889,@nytimes,0.111,"Breaking News: The U.S. economy added 213,000 jobs in June despite mounting trade tensions with China. The unemploy‚Ä¶ https://t.co/jP7TuYFWZe",96
496,0.0,0.0,1.0,@nytimes,0.0,"Benjamin Pavard wasn't expected to make France's World Cup roster. He did, and scored one of the most spectacular g‚Ä¶ https://t.co/mgqJ5CZ0GP",97
497,0.0,0.0,1.0,@nytimes,0.0,"RT @nytopinion: During the 27 years of his imprisonment, Nelson Mandela wrote hundreds of letters. Here are some of them, previously unpubl‚Ä¶",98
498,0.0,0.0,1.0,@nytimes,0.0,Why aren't people of childbearing age having as many children as they used to? We asked them. https://t.co/hoWklmI1bF,99
